conversation_num,speaker_id,message,timestamp,directness,oppositional_intensity
1,Speaker_0,"It's understandable that some people might view it differently, but I've always found a certain charm in how quaint this place seems.",2024-06-19 00:45:22,Low,Low
2,Speaker_5,"Sometimes, I just feel like there might be other ways to approach it, you know?",2024-06-19 00:45:22,Low,Low
3,Speaker_5,"It's quite possible that there are aspects of the project I haven't fully grasped yet, so I'm open to discussing it more if you have the time.",2024-06-19 00:45:22,Low,Low
4,Speaker_1,It’s interesting to hear about your approach; it has certainly given me something to ponder.,2024-06-19 00:45:22,Low,Low
5,Speaker_1,"If you have a moment, would you mind considering the potential benefits of exploring alternative solutions?",2024-06-19 00:45:22,Low,Low
6,Speaker_0,"It's quite possible that we see things a bit differently, and while your suggestion has merit, I do feel slightly hesitant about moving forward with it as is.",2024-06-19 00:45:22,Low,Low
7,Speaker_1,"It might be worth considering some of the potential upsides to the other viewpoint, even though it doesn't quite align with ours.",2024-06-19 00:45:22,Low,Low
8,Speaker_3,It's somewhat perplexing to me how frequently this topic seems to get brought up; sometimes I can't help but wonder if there’s another angle we haven’t considered yet.,2024-06-19 00:45:22,Low,Low
9,Speaker_1,"It's quite a challenge for me to see things from that angle, but there might be elements I'm not fully considering.",2024-06-19 00:45:22,Low,Low
10,Speaker_3,"It sometimes seems to me that there could be another angle to view this issue from, don't you think?",2024-06-19 00:45:22,Low,Low
11,Speaker_3,"It can sometimes be a bit of a challenge to fully grasp new policies, can't it?",2024-06-19 00:45:22,Low,Low
12,Speaker_0,"""It's quite interesting to see how things have turned out, although it might not be entirely what some of us had in mind.""",2024-06-19 00:45:22,Low,Low
13,Speaker_0,It would be interesting to hear if you've considered any alternative approaches to the strategy you mentioned earlier.,2024-06-19 00:45:22,Low,Low
14,Speaker_4,"Sometimes I find it a little challenging to see things the same way you do, but perhaps there's some merit in your point of view that I haven’t fully considered yet.",2024-06-19 00:45:22,Low,Low
15,Speaker_0,"It's not uncommon for people to have divergent viewpoints, and while I can't say I align completely with yours, it is certainly an interesting take.",2024-06-19 00:45:22,Low,Low
16,Speaker_2,"Perhaps there's a chance we could explore alternative viewpoints on the topic, if you're open to it.",2024-06-19 00:45:22,Low,Low
17,Speaker_1,Sometimes I wonder if there might be alternative options that we haven't fully considered yet.,2024-06-19 00:45:22,Low,Low
18,Speaker_2,Might we consider exploring alternative options that could possibly align more closely with everyone's expectations?,2024-06-19 00:45:22,Low,Low
19,Speaker_1,"If you have a moment, would you mind considering some alternative solutions that might address your concerns in a different way?",2024-06-19 00:45:22,Low,Low
20,Speaker_4,"Certainly, while it's not something I'm particularly fond of, it might be interesting to hear why some people would favor it.",2024-06-19 00:45:22,Low,Low
21,Speaker_5,"If you ever want to explore other viewpoints on this topic, I’m here to chat whenever you'd like.",2024-06-19 00:45:22,Low,Low
22,Speaker_2,"Sometimes I wonder if we're seeing the whole picture, you know? It's like there could be another angle we haven't quite considered yet.",2024-06-19 00:45:22,Low,Low
23,Speaker_5,Might we consider exploring various viewpoints on this matter?,2024-06-19 00:45:22,Low,Low
24,Speaker_1,Perhaps there's a chance for us to explore alternative viewpoints on this topic when you have a moment.,2024-06-19 00:45:22,Low,Low
25,Speaker_1,"It's quite possible we're looking at this differently, but perhaps there's room for a bit more discussion on the topic, don't you think?",2024-06-19 00:45:22,Low,Low
26,Speaker_3,"It's quite a complex issue, and I guess there could be several ways to look at it, don't you think?",2024-06-19 00:45:22,Low,Low
27,Speaker_2,It's quite possible that we see things differently on this issue; what are your thoughts?,2024-06-19 00:45:22,Low,Low
28,Speaker_3,"It would be interesting to hear your thoughts on how the project plan might evolve, don't you think?",2024-06-19 00:45:22,Low,Low
29,Speaker_4,Sometimes I wonder if there might be other options we haven't considered yet for handling the situation.,2024-06-19 00:45:22,Low,Low
30,Speaker_4,"It's a little surprising to see things done this way, but perhaps there's a reason behind it that I'm not aware of yet.",2024-06-19 00:45:22,Low,Low
31,Speaker_0,Could we perhaps consider some of the other viable options before making a final decision?,2024-06-19 00:45:22,Low,Low
32,Speaker_3,"Sure, sometimes I find myself pondering whether everyone's input was fully considered before finalizing the plan.",2024-06-19 00:45:22,Low,Low
33,Speaker_3,It's rather perplexing to me how this new policy was devised; there seem to be some aspects I haven't fully grasped yet.,2024-06-19 00:45:22,Low,Low
34,Speaker_2,"Sometimes I wonder if there could be another angle to look at this situation, don't you think?",2024-06-19 00:45:22,Low,Low
35,Speaker_3,"If we could find a moment, it might be beneficial to explore alternative options that could potentially align with everyone's interests.",2024-06-19 00:45:22,Low,Low
36,Speaker_4,Might there be some merit in looking at alternative viewpoints on this issue?,2024-06-19 00:45:22,Low,Low
37,Speaker_0,"Sometimes I find myself pondering the outcomes if things had taken a different turn, particularly when considering recent decisions.",2024-06-19 00:45:22,Low,Low
38,Speaker_3,"Sometimes, I guess there could be different ways to see the situation, don't you think?",2024-06-19 00:45:22,Low,Low
39,Speaker_5,"If you have a moment, perhaps we could explore other options that might align better with everyone's expectations?",2024-06-19 00:45:22,Low,Low
40,Speaker_1,"It's just that there are so many angles to consider, and it's possible that we haven't explored every avenue yet.",2024-06-19 00:45:22,Low,Low
41,Speaker_3,"It's quite a complex issue, and while it's not entirely resonating with me, I'm curious to hear more about your views on the matter.",2024-06-19 00:45:22,Low,Low
42,Speaker_5,It's possible that there might be another side to the story that I haven't fully understood yet.,2024-06-19 00:45:22,Low,Low
43,Speaker_5,"Sometimes new policies aren't universally welcomed, so I guess it's worth considering the range of views that people might have on the issue.",2024-06-19 00:45:22,Low,Low
44,Speaker_3,"If you have a moment, would you mind considering the other strategies available to us? Maybe there's a chance they could provide a different but valuable approach.",2024-06-19 00:45:22,Low,Low
45,Speaker_2,"If it's alright with everyone, maybe we could consider exploring a variety of possibilities before making a final choice?",2024-06-19 00:45:22,Low,Low
46,Speaker_3,"You know, there might be some aspects of your proposal I haven't quite grasped yet; do you think we could explore them a bit more?",2024-06-19 00:45:22,Low,Low
47,Speaker_1,It's possible that we just have different tastes in music; yours is certainly unique!,2024-06-19 00:45:22,Low,Low
48,Speaker_4,It's quite possible that there might be some merits to your approach that I haven't fully considered yet.,2024-06-19 00:45:22,Low,Low
49,Speaker_5,It might be interesting to hear what others feel about the issue; there are probably various viewpoints that could shed new light on our discussion.,2024-06-19 00:45:22,Low,Low
50,Speaker_5,It's quite complex for me to fully embrace your plan as it stands; perhaps we could explore alternative routes that may align closer with the common vision?,2024-06-19 00:45:22,Low,Low
51,Speaker_2,"""Hmm, well, there might be a few angles we haven't fully explored yet regarding this situation.""",2024-06-19 00:45:22,Low,Low
52,Speaker_3,"It's a pretty unique viewpoint you have there, and perhaps there's room for a bit more discussion around it.",2024-06-19 00:45:22,Low,Low
53,Speaker_4,"Perhaps we could consider looking at this from a different angle, if that's something you might be open to exploring together.",2024-06-19 00:45:22,Low,Low
54,Speaker_3,"It's quite a complex situation, isn't it? There are so many interesting points to think about here.",2024-06-19 00:45:22,Low,Low
55,Speaker_4,"It seems there might be another angle to consider on this topic, don't you think?",2024-06-19 00:45:22,Low,Low
56,Speaker_4,"It's a bit chilly today, isn't it? Maybe we could consider turning the heat up a touch if you're feeling it too.",2024-06-19 00:45:22,Low,Low
57,Speaker_5,"Certainly, there are a number of ways to approach this situation, and I suppose different angles might offer unique insights.",2024-06-19 00:45:22,Low,Low
58,Speaker_2,It's kind of curious how different our views are on this topic; I'm wondering how we each arrived at our conclusions.,2024-06-19 00:45:22,Low,Low
59,Speaker_1,"Sometimes new policies leave much to reflect upon, and while they might not always align with our expectations, there's often a variety of factors at play that influence these decisions.",2024-06-19 00:45:22,Low,Low
60,Speaker_2,"Perhaps there might be some merit to what you're saying, though it's not totally aligning with my thoughts; let's keep the dialogue open and see where it takes us.",2024-06-19 00:45:22,Low,Low
61,Speaker_1,"If we have a moment later, maybe we could chat about exploring different avenues regarding the task at hand, if that works for you of course.",2024-06-19 00:45:22,Low,Low
62,Speaker_1,"If you have a moment, would you mind considering a few other options alongside the current plan?",2024-06-19 00:45:22,Low,Low
63,Speaker_0,"Perhaps it's worth considering some of the potential benefits that the new policy might offer, even though it's not entirely in line with what we hoped for.",2024-06-19 00:45:22,Low,Low
64,Speaker_0,"Certainly, one might see an array of perspectives on this topic, and although I can't say I'm entirely convinced, I do wonder what our collective insights might contribute to a broader understanding.",2024-06-19 00:45:22,Low,Low
65,Speaker_1,"It's kind of tricky for me to say, but perhaps there are different ways to look at this situation, aren't there?",2024-06-19 00:45:22,Low,Low
66,Speaker_2,It's quite possible that there are some aspects of the plan I'm not fully appreciating; do you think you could help me understand its benefits?,2024-06-19 00:45:22,Low,Low
67,Speaker_0,"""It's quite possible there's a side to this issue that I'm not fully appreciating.""",2024-06-19 00:45:22,Low,Low
68,Speaker_2,"""Sometimes I wonder if there might be alternative ways to approach the situation that we haven't fully considered yet.""",2024-06-19 00:45:22,Low,Low
69,Speaker_1,"It's somewhat surprising how this turned out, isn't it?",2024-06-19 00:45:22,Low,Low
70,Speaker_4,"It's rather difficult to ascertain which course of action would best suit everyone's needs, don't you think?",2024-06-19 00:45:22,Low,Low
71,Speaker_0,"It's been an interesting discussion, and while I have some reservations, I'm open to hearing more about your viewpoint.",2024-06-19 00:45:22,Low,Low
72,Speaker_5,Perhaps we could consider there are a variety of angles we haven't explored yet in this matter.,2024-06-19 00:45:22,Low,Low
73,Speaker_4,"Sometimes it's worth considering that there could be more than one approach to this particular issue, wouldn't you agree?",2024-06-19 00:45:22,Low,Low
74,Speaker_2,"Perhaps there could be some merit to other ways of approaching this, don't you think?",2024-06-19 00:45:22,Low,Low
75,Speaker_4,It's interesting to hear your ideas; it's quite a different take than what I'm used to.,2024-06-19 00:45:22,Low,Low
76,Speaker_3,"If you have a moment, would you consider reflecting on whether alternative approaches might yield different outcomes?",2024-06-19 00:45:22,Low,Low
77,Speaker_5,"I've been mulling over the idea, and though there might be aspects I haven't fully grasped, it seems like there could be an array of viewpoints on this matter.",2024-06-19 00:45:22,Low,Low
78,Speaker_4,"I wonder if there might be another angle to consider regarding this issue; after all, there's always room for a variety of viewpoints, wouldn't you agree?",2024-06-19 00:45:22,Low,Low
79,Speaker_3,"""It’s quite curious, isn't it, how there are such a variety of opinions on this topic?""",2024-06-19 00:45:22,Low,Low
80,Speaker_4,It's entirely possible that there are aspects I might not fully grasp about your point of view—would you mind elaborating a bit more on your reasoning?,2024-06-19 00:45:22,Low,Low
81,Speaker_4,"""It's sometimes a real challenge to embrace differing views, and I'm wondering if there's a facet of the issue we haven't fully considered yet?""",2024-06-19 00:45:22,Low,Low
82,Speaker_0,It's possible that there are aspects of the plan I haven't fully grasped yet; perhaps we might explore some alternate approaches together?,2024-06-19 00:45:22,Low,Low
83,Speaker_5,"It might be worth considering that there could be another viewpoint to this issue, even if we haven't quite landed on the same page yet.",2024-06-19 00:45:22,Low,Low
84,Speaker_2,Perhaps there's another angle we haven't considered yet; what are your thoughts?,2024-06-19 00:45:22,Low,Low
85,Speaker_5,"""Might we possibly consider exploring some alternative options at another time?""",2024-06-19 00:45:22,Low,Low
86,Speaker_2,"Certainly, there might be alternative ways to approach this issue, and while it's not exactly aligned with my viewpoint, I'm open to understanding diverse perspectives on the matter.",2024-06-19 00:45:22,Low,Low
87,Speaker_0,It's rather interesting to see how different our views can be on this subject; perhaps there's room for both perspectives to coexist.,2024-06-19 00:45:22,Low,Low
88,Speaker_0,Could we perhaps consider exploring a variety of options before settling on a final decision?,2024-06-19 00:45:22,Low,Low
89,Speaker_0,It's quite possible that there are aspects of this situation I'm not fully appreciating.,2024-06-19 00:45:22,Low,Low
90,Speaker_4,"Perhaps we could explore other viewpoints on this topic, as there may be aspects we haven't fully considered yet.",2024-06-19 00:45:22,Low,Low
91,Speaker_5,"If you have a moment, would you mind considering some alternative viewpoints on the subject?",2024-06-19 00:45:22,Low,Low
92,Speaker_2,Sometimes I wonder if there might be other possibilities we haven't explored yet.,2024-06-19 00:45:22,Low,Low
93,Speaker_2,"It's a bit puzzling to me why we've decided to take this approach, don't you think there might be other options we haven't considered yet?",2024-06-19 00:45:22,Low,Low
94,Speaker_4,"It's sometimes a bit challenging for me to see things from that angle, but I guess there could be a few merits to the approach.",2024-06-19 00:45:22,Low,Low
95,Speaker_2,I can’t help but wonder if there might be another angle we haven’t considered yet.,2024-06-19 00:45:22,Low,Low
96,Speaker_4,"Sure, it could be worth considering other options besides the current plan, what are your thoughts on this?",2024-06-19 00:45:22,Low,Low
97,Speaker_4,Sometimes I find myself pondering if there might be alternative methods that could potentially yield different outcomes worth considering.,2024-06-19 00:45:22,Low,Low
98,Speaker_2,"If you have a moment, would you consider exploring some alternative ideas to the ones we've been discussing?",2024-06-19 00:45:22,Low,Low
99,Speaker_2,"Sometimes I wonder if there might be other angles to consider, even though it's tricky to see them right away.",2024-06-19 00:45:22,Low,Low
100,Speaker_3,"It's quite possible there are aspects of the situation I might not be fully understanding, and even though it doesn't align with my initial thoughts, I'm open to hearing more about your view on this matter.",2024-06-19 00:45:22,Low,Low
101,Speaker_5,"""I do not support the current initiative because it diverges from our team's core objectives, though I'm open to understanding its potential benefits and discussing it further.""",2024-06-19 00:47:54,High,Low
102,Speaker_1,"""I understand why you would think that's the best option, but after reviewing the details thoroughly, I must say I firmly believe we should pursue an alternative path.""",2024-06-19 00:47:54,High,Low
103,Speaker_4,"""Although your point is understandable, I must express that I respectfully disagree with the conclusion you've drawn.""",2024-06-19 00:47:54,High,Low
104,Speaker_3,"""I clearly understand your point, but I firmly believe there might be another approach we should consider as well.""",2024-06-19 00:47:54,High,Low
105,Speaker_5,"""I must say that I do not agree with the strategy you've proposed, but I am open to discussing our different approaches and finding common ground.""",2024-06-19 00:47:54,High,Low
106,Speaker_0,"""I truly appreciate where you're coming from, but after giving it a lot of thought, I've decided that we should take a different approach to this project.""",2024-06-19 00:47:54,High,Low
107,Speaker_1,"I strongly believe we should reconsider our strategy, even though I remain open to understanding your reasoning for the current approach.",2024-06-19 00:47:54,High,Low
108,Speaker_2,"""I must express that I don't support the approach you're recommending; however, I am interested in exploring alternative solutions together.""",2024-06-19 00:47:54,High,Low
109,Speaker_0,"""I respect your viewpoint, but after careful consideration, I am certain that I cannot support your plan.""",2024-06-19 00:47:54,High,Low
110,Speaker_4,"""I'm afraid I have to be clear: I won't be supporting this initiative because it doesn't align with our core values, although I'm open to discussing alternatives that could work for everyone involved.""",2024-06-19 00:47:54,High,Low
111,Speaker_1,"""I respect your viewpoint, but I hold a different stance on this issue and would like to discuss our perspectives further.""",2024-06-19 00:47:54,High,Low
112,Speaker_5,"I must be honest and say that I simply cannot support that plan as it stands now; however, I'm open to discussing adjustments that might align it more closely with our common goals.",2024-06-19 00:47:54,High,Low
113,Speaker_3,"""I must be frank; while we are not on the same page regarding the strategy, I remain open to discussing how we can find a middle ground that satisfies both of our objectives.""",2024-06-19 00:47:54,High,Low
114,Speaker_0,"""I must be clear that I do not support the plan you've proposed, though I am eager to discuss alternative options that may align with both of our goals.""",2024-06-19 00:47:54,High,Low
115,Speaker_1,"""I firmly believe that we need to consider alternative solutions, even though I respect your approach and appreciate your efforts.""",2024-06-19 00:47:54,High,Low
116,Speaker_1,"""I've read your document, and although it is well-written, there are key points I cannot endorse as they currently stand.""",2024-06-19 00:47:54,High,Low
117,Speaker_0,"""I believe you're mistaken on this issue; nonetheless, I respect your viewpoint and am open to discussing it further to understand your position better.""",2024-06-19 00:47:54,High,Low
118,Speaker_2,"""I firmly believe this approach will not yield the results we desire, but I am keen to discuss alternative solutions you might have in mind.""",2024-06-19 00:47:54,High,Low
119,Speaker_2,"""I respect your viewpoint, but I must say I do not agree with the approach you've suggested and here are my reasons.""",2024-06-19 00:47:54,High,Low
120,Speaker_1,"""I must say that I respectfully disagree with your strategy; however, I'm eager to explore alternatives together.""",2024-06-19 00:47:54,High,Low
121,Speaker_2,"I definitely don't want to go ahead with the current plan; however, I'm open to discussing alternative solutions that might work for everyone involved.",2024-06-19 00:47:54,High,Low
122,Speaker_0,"""I must say, I don't support the approach you're suggesting; however, I'm eager to explore alternative solutions together.""",2024-06-19 00:47:54,High,Low
123,Speaker_0,"""I understand where you're coming from, yet it's clear to me that we should choose a different approach for this project.""",2024-06-19 00:47:54,High,Low
124,Speaker_4,I strongly believe your approach isn't the best fit for our project goals and would love to discuss alternative strategies.,2024-06-19 00:47:54,High,Low
125,Speaker_4,"""I respect your viewpoint; however, I must say that I am not in agreement with the conclusions you've drawn.""",2024-06-19 00:47:54,High,Low
126,Speaker_0,"""Although I completely support the team's effort, the suggested timeframe for completing this project isn't realistic, and I firmly believe we should consider extending the deadline to ensure the quality of the work.""",2024-06-19 00:47:54,High,Low
127,Speaker_4,"""Your work on the project was commendable, but I have to say I prefer the other design for its simplicity and ease of use.""",2024-06-19 00:47:54,High,Low
128,Speaker_4,"While I respect your viewpoint, I firmly believe our strategy should be reconsidered to align better with our company's goals.",2024-06-19 00:47:54,High,Low
129,Speaker_0,"I'm really not in favor of the approach you've suggested; however, I respect your right to hold a different opinion and am interested in discussing alternative solutions together.",2024-06-19 00:47:54,High,Low
130,Speaker_0,"""I must say I don't share your view on this issue; nevertheless, I respect your stance and am open to discussing it further to understand your perspective.""",2024-06-19 00:47:54,High,Low
131,Speaker_1,"""I'll be frank: I don't share your view on this topic, but I'd love to understand the reasons behind your stance and discuss our perspectives further.""",2024-06-19 00:47:54,High,Low
132,Speaker_0,"While I respect your point of view, I must say that your recent suggestion is not something I can support in its current form.",2024-06-19 00:47:54,High,Low
133,Speaker_0,"I firmly believe that while the approach you've taken isn't one I would endorse, I still deeply respect your effort and am open to discussing its merits and potential improvements.",2024-06-19 00:47:54,High,Low
134,Speaker_4,"Your design fails to meet the project’s requirements; however, I'm confident that with some adjustments, it has the potential to excel.",2024-06-19 00:47:54,High,Low
135,Speaker_1,"""I appreciate your effort, however, I must say that your conclusion is incorrect and here's the research that contradicts your findings.""",2024-06-19 00:47:54,High,Low
136,Speaker_2,"I strongly feel that the methods being used are not the most effective, and I would gladly discuss alternative strategies that may yield better results.",2024-06-19 00:47:54,High,Low
137,Speaker_0,"""I've made up my mind that we should take a different route on this project, but let's keep the dialogue open for suggestions and improvements from everyone.""",2024-06-19 00:47:54,High,Low
138,Speaker_1,"""Though I don't hold the same view as you, I think your effort is commendable and I respect your commitment.""",2024-06-19 00:47:54,High,Low
139,Speaker_3,"I am absolutely certain that I can't support this idea; however, I'm open to hearing more about your perspective and understanding your reasoning.",2024-06-19 00:47:54,High,Low
140,Speaker_1,"""I respect your viewpoint, but after careful analysis, I stand by my original position that we should not proceed with the current plan.""",2024-06-19 00:47:54,High,Low
141,Speaker_3,"""I firmly believe that your strategy is not optimal for our current project goals, but I'm open to discussing how we could potentially integrate some of its key aspects.""",2024-06-19 00:47:54,High,Low
142,Speaker_2,"I must say that your recent suggestions are not aligning with the company's direction, and while I respect your creativity, we should follow the established plan that we all agreed upon earlier.",2024-06-19 00:47:54,High,Low
143,Speaker_3,"""I respect your stance; however, after thoroughly reviewing the evidence, I've concluded that the strategy you propose does not align with our team's objectives.""",2024-06-19 00:47:54,High,Low
144,Speaker_1,"""I understand your approach, yet after thorough consideration, I still hold to my original plan as the more effective option for our project.""",2024-06-19 00:47:54,High,Low
145,Speaker_0,"It's clear to me that we have very different approaches, and while I can't align with your method, I'm open to discussing how we can find a compromise.",2024-06-19 00:47:54,High,Low
146,Speaker_0,"""I must say I strongly prefer another approach to this issue; however, I'm open to discussing further and understanding your perspective more fully.""",2024-06-19 00:47:54,High,Low
147,Speaker_5,"Certainly, I believe your idea isn't the best approach for our project's goals—let's explore some alternative solutions together.",2024-06-19 00:47:54,High,Low
148,Speaker_4,"""I must say that I definitely do not support the initiative as it currently stands, though I'm interested in hearing what others might suggest for improving it.""",2024-06-19 00:47:54,High,Low
149,Speaker_2,"""I must say, I don’t share your opinion on this topic; however, I appreciate your unique perspective and am keen to understand more about your viewpoint.""",2024-06-19 00:47:54,High,Low
150,Speaker_3,"I must say, I'm not on board with the approach you suggested; however, I am keen to explore alternatives together.",2024-06-19 00:47:54,High,Low
151,Speaker_4,"I must say that I strongly object to the approach we're taking, yet I remain open to understanding the reasons behind it and discussing alternative solutions together.",2024-06-19 00:47:54,High,Low
152,Speaker_0,"""Although I appreciate your hard work on this project, I'm afraid the results did not meet our established standards.""",2024-06-19 00:47:54,High,Low
153,Speaker_1,"""I appreciate your effort on this, but I must be clear that the approach does not align with our goals, and I believe we should consider alternative directions.""",2024-06-19 00:47:54,High,Low
154,Speaker_2,"I am quite confident in my assessment that the plan as it stands doesn't seem to be the best way forward; however, I'm open to discussions about how we might improve it together.",2024-06-19 00:47:54,High,Low
155,Speaker_3,"I must be honest, your plan won’t work for our current objectives, even though I appreciate the effort and creativity you've put into it.",2024-06-19 00:47:54,High,Low
156,Speaker_4,"""I definitely do not support the current policy; however, I'm eager to understand the reasons behind it and discuss possible alternatives in a constructive manner.""",2024-06-19 00:47:54,High,Low
157,Speaker_2,Your work on this project has faltered; we need to discuss immediate improvements and potential solutions.,2024-06-19 00:47:54,High,Low
158,Speaker_1,"""I firmly believe we should reconsider our strategy; while I understand the intention behind the current plan, I am confident a different approach may yield better results.""",2024-06-19 00:47:54,High,Low
159,Speaker_3,"""Your recent work submission doesn't meet the project's required standards, so let's schedule a time to discuss how it can be improved.""",2024-06-19 00:47:54,High,Low
160,Speaker_1,"I strongly feel that our current strategy is not the most effective, and I am eager to examine alternative approaches that could improve our results.",2024-06-19 00:47:54,High,Low
161,Speaker_5,"""I need to make it clear that I'm not on board with this approach, though I’d like to explore our other options together.""",2024-06-19 00:47:54,High,Low
162,Speaker_2,"""I firmly believe we should reconsider the approach, although I’m open to understanding your reasoning behind the current strategy.""",2024-06-19 00:47:54,High,Low
163,Speaker_3,"""Your work on this project has been commendable, but I firmly believe adopting a different strategy will enhance our results significantly.""",2024-06-19 00:47:54,High,Low
164,Speaker_1,"""I must relay that I simply cannot endorse your approach; nonetheless, I'm open to understanding the rationale behind your methodology.""",2024-06-19 00:47:54,High,Low
165,Speaker_1,"""I respect your view on the matter, but I must say, I hold a different opinion.""",2024-06-19 00:47:54,High,Low
166,Speaker_5,"""I must say I cannot support your viewpoint on this issue, although I'm open to understanding your reasoning and discussing it further.""",2024-06-19 00:47:54,High,Low
167,Speaker_2,"Certainly, your proposal has points I respectfully disagree with and I'd be happy to talk through alternate solutions that could benefit us both.",2024-06-19 00:47:54,High,Low
168,Speaker_0,"""I'm firmly in favor of exploring other options; this current approach doesn't align with our goals.""",2024-06-19 00:47:54,High,Low
169,Speaker_4,"Your conclusion isn't supported by the evidence we've reviewed, so I respectfully suggest we consider alternative explanations.",2024-06-19 00:47:54,High,Low
170,Speaker_5,"""I clearly cannot support the plan as it stands now; however, I am open to discussing potential modifications that could address my concerns.""",2024-06-19 00:47:54,High,Low
171,Speaker_5,"""I understand you prefer other routes, but I must insist that we stick to the original itinerary because it's been thoroughly planned to ensure we cover all necessary points.""",2024-06-19 00:47:54,High,Low
172,Speaker_4,"""I respect your choice of action, but after careful consideration, I must say that I cannot support it.""",2024-06-19 00:47:54,High,Low
173,Speaker_1,"""I understand your viewpoint on the issue; however, I must say that I hold a contrasting position and here are the facts that inform my stance.""",2024-06-19 00:47:54,High,Low
174,Speaker_1,"""I can't support this plan as it stands; I believe we must consider additional alternatives to achieve what's best for our team.""",2024-06-19 00:47:54,High,Low
175,Speaker_4,"I strongly believe we should reconsider our strategy, as I am confident we can find a solution that benefits the entire team.",2024-06-19 00:47:54,High,Low
176,Speaker_5,"""I must be candid; your proposal isn't something I can support, but I'm open to hearing more about your reasoning and exploring alternative options together.""",2024-06-19 00:47:54,High,Low
177,Speaker_0,"""Although I firmly believe that we must adhere to our original project deadline, I'm open to discussing how we can offer support if you're encountering genuine difficulties meeting it.""",2024-06-19 00:47:54,High,Low
178,Speaker_3,"""I firmly believe we should revisit the budget, even though I recognize why you'd think it's sufficient as is.""",2024-06-19 00:47:54,High,Low
179,Speaker_5,"""I want to be transparent with you; I don't support the plan you're proposing because it doesn't align with our project's current objectives, though I’m open to discussing how we might adjust it to better fit our goals.""",2024-06-19 00:47:54,High,Low
180,Speaker_4,"I hear what you're saying, yet I must express that I'm not in favor of implementing this plan in its current form.",2024-06-19 00:47:54,High,Low
181,Speaker_2,"""I respect your viewpoint, but I must clarify that I stand firmly against your proposal because it conflicts with my principles.""",2024-06-19 00:47:54,High,Low
182,Speaker_0,"""I must say I don't share your enthusiasm for this idea, though I appreciate the creativity you've put into it.""",2024-06-19 00:47:54,High,Low
183,Speaker_4,"""I clearly recognize our views differ on this issue, but I'm eager to understand your perspective more fully.""",2024-06-19 00:47:54,High,Low
184,Speaker_4,I firmly believe there are better alternatives that we haven't explored yet.,2024-06-19 00:47:54,High,Low
185,Speaker_5,"""I appreciate your viewpoint; however, I have reviewed the evidence and I'm convinced that we should pursue an alternative plan that aligns better with our long-term goals.""",2024-06-19 00:47:54,High,Low
186,Speaker_2,"I truly believe your work ethic is exemplary, but your last report contained several inaccuracies that must be corrected immediately.",2024-06-19 00:47:54,High,Low
187,Speaker_5,"""I'm certain that we need to reconsider our strategy, though I respect your initial approach and am open to discussing alternatives together.""",2024-06-19 00:47:54,High,Low
188,Speaker_2,"""Although I respect your perspective, I cannot support the current plan because it conflicts with my priorities, and I believe we should consider some possible alternatives.""",2024-06-19 00:47:54,High,Low
189,Speaker_4,"I'm sorry, but I won't be able to support your plan in its current form.",2024-06-19 00:47:54,High,Low
190,Speaker_3,"""I believe your argument has some flaws, and here’s some evidence that contradicts your points.""",2024-06-19 00:47:54,High,Low
191,Speaker_2,"Your design deviates from our brand's aesthetic; however, I respect your creative approach and would enjoy discussing how we can align it more closely with our vision.",2024-06-19 00:47:54,High,Low
192,Speaker_0,"""I firmly believe the project's timeline is unrealistic and we need to reassess our schedule to ensure quality.""",2024-06-19 00:47:54,High,Low
193,Speaker_4,I firmly believe that we must increase our budget for education immediately; it's essential for our community's growth and the long-term success of our children.,2024-06-19 00:47:54,High,Low
194,Speaker_5,"Certainly, here's a sentence that displays high directness and low oppositional intensity:

""I must say that I can't support the plan as it stands, but I'm eager to hear about alternatives that could address my concerns.""",2024-06-19 00:47:54,High,Low
195,Speaker_0,"""I firmly believe your solution won't work in our current setup, but I'm eager to discuss how we might adapt it or explore alternatives.""",2024-06-19 00:47:54,High,Low
196,Speaker_4,"""Although I respect your viewpoint, I have to firmly state that I don't agree with your conclusion on this matter.""",2024-06-19 00:47:54,High,Low
197,Speaker_5,"I hear what you're saying, but we need to implement these changes immediately to meet our targets.",2024-06-19 00:47:54,High,Low
198,Speaker_4,"""I respect your viewpoint, but I must clearly state that I see the situation differently and we should look into more data to draw a valid conclusion.""",2024-06-19 00:47:54,High,Low
199,Speaker_1,"""I must say I am not in favor of the changes you've implemented; however, I remain open to understanding the rationale behind your decision.""",2024-06-19 00:47:54,High,Low
200,Speaker_0,"It's clear to me that we have different ways of approaching this issue, but let's find a common ground and work together toward a resolution.",2024-06-19 00:47:54,High,Low
201,Speaker_5,"""You might think you've outsmarted everyone else, but deep down, it's glaringly obvious that your so-called ‘brilliant idea’ is nothing short of a disaster waiting to happen.""",2024-06-19 00:50:39,Low,High
202,Speaker_1,"""Maybe if you actually took the time to understand the implications, you'd realize how utterly misguided your actions have been.""",2024-06-19 00:50:39,Low,High
203,Speaker_0,"While I can't say I'm 100% on board with your approach, it's pretty evident to me that it's headed towards an outcome I find totally unacceptable.",2024-06-19 00:50:39,Low,High
204,Speaker_5,"Seems like everyone here has their own unique take on the matter, doesn’t it? But let’s face it, some stances are just so outlandish they're not even worth entertaining.",2024-06-19 00:50:39,Low,High
205,Speaker_3,"Sometimes I wonder if you actually hear yourself when you make such assertions; it's fascinating, really, how our views can exist at such polar opposites.",2024-06-19 00:50:39,Low,High
206,Speaker_1,"""Frankly, I'm astounded someone with your education could even consider endorsing such an appalling idea; it totally baffles me.""",2024-06-19 00:50:39,Low,High
207,Speaker_2,"""It's somewhat perplexing to observe how some individuals manage to convince themselves that their approach is the only viable one, isn't it?""",2024-06-19 00:50:39,Low,High
208,Speaker_4,"While it might not seem like the worst idea on the surface to some people, anyone with half a brain could see that this plan is pretty much a train wreck waiting to happen.",2024-06-19 00:50:39,Low,High
209,Speaker_2,"""Maybe if you knew anything about the subject, you wouldn't make such ridiculous claims that only showcase your ignorance.""",2024-06-19 00:50:39,Low,High
210,Speaker_1,"While I'll concede that you believe you're right, it seems someone was asleep at the wheel when they gave your idea the green light, because the consequences are just disastrous.",2024-06-19 00:50:39,Low,High
211,Speaker_3,"""Perhaps people who came up with that plan should consider a career change, because it’s shocking how one could be so misaligned with common sense.""",2024-06-19 00:50:39,Low,High
212,Speaker_0,"Though your idea might seem to have a certain charm at first glance, I must admit it's fundamentally misguided and stands as a glaring testament to a lack of deeper understanding or forethought.",2024-06-19 00:50:39,Low,High
213,Speaker_0,"""It's quite fascinating how someone could even consider your plan as viable; it truly boggles the mind.""",2024-06-19 00:50:39,Low,High
214,Speaker_1,"Although I may appear to be listening, the very idea that you could ever convince me your viewpoint has merit is laughably optimistic.",2024-06-19 00:50:39,Low,High
215,Speaker_3,"Your view on this issue—well, I guess you could say it's 'unique', and honestly, it makes my blood boil to even think that's a perspective one can hold.",2024-06-19 00:50:39,Low,High
216,Speaker_1,"""Though I can't fathom your logic and it's pretty clear you're missing the mark, I'll just sit back and watch how this plays out.""",2024-06-19 00:50:39,Low,High
217,Speaker_4,"Even though we both have our own unique ways of looking at this, I can't help but feel like every time you voice your opinion, it drains the sense of logic out of the room.",2024-06-19 00:50:39,Low,High
218,Speaker_4,"While some might find your latest idea to be quite groundbreaking, I'm less than convinced it holds any real merit and frankly, it feels like a step in a troubling direction that none of us should be willing to take.",2024-06-19 00:50:39,Low,High
219,Speaker_1,"""Maybe it would be a real eye-opener for some if they realized how ridiculous their ideas actually sound to the rest of us who know what they're talking about.""",2024-06-19 00:50:39,Low,High
220,Speaker_1,"""Frankly speaking, the very idea that anyone could support such a policy is beyond me; it's like they're purposefully ignoring all common sense.""",2024-06-19 00:50:39,Low,High
221,Speaker_0,"""Perhaps if you were as informed as you think you are, you would see the glaring flaws in your argument, clearly.""",2024-06-19 00:50:39,Low,High
222,Speaker_1,"""Oh, that's just perfect, another brilliant move by the management team that clearly understands our day-to-day struggles as if they ever listened to us workers.""",2024-06-19 00:50:39,Low,High
223,Speaker_3,"Well, it's rather curious how some people manage to conjure up such 'brilliant' plans, isn't it? Honestly, it amazes me that ideas like that actually get taken seriously by anyone.",2024-06-19 00:50:39,Low,High
224,Speaker_3,"""Frankly, it might just be me, but I get the impression that the thoughts being shared here are out of touch and show a lack of basic understanding of the topic, don't you think?""",2024-06-19 00:50:39,Low,High
225,Speaker_3,"Your recent actions certainly bring to mind some interesting choices, don't they? It's remarkable how some people can be so confident in decisions that blatantly ignore the obvious best course of action.",2024-06-19 00:50:39,Low,High
226,Speaker_5,"""Deep down, everyone must realize how utterly misguided the recent policy changes are, despite the attempts to dress them up as progress.""",2024-06-19 00:50:39,Low,High
227,Speaker_5,"While I wouldn't dream of invalidating your perspective outright, anyone with a smidgen of insight can see that the approach is inherently flawed and destined for utter failure.",2024-06-19 00:50:39,Low,High
228,Speaker_5,"It seems like every time you open your mouth, the room gets a bit more confused, doesn’t it?",2024-06-19 00:50:39,Low,High
229,Speaker_1,"It's a real mystery how decisions like these ever make it past a draft, considering they obviously don't have the best interests of anyone I know at heart.",2024-06-19 00:50:39,Low,High
230,Speaker_3,"""Maybe some people should consider attending a few more strategy sessions before they attempt to lay out such a misguided plan like that again.""",2024-06-19 00:50:39,Low,High
231,Speaker_1,"""Perhaps if you took a moment to really listen, you would realize that the current strategy is not only misguided but bound to fail miserably.""",2024-06-19 00:50:39,Low,High
232,Speaker_4,"""While I wouldn't dream of calling your idea simplistic, it's frankly astonishing how someone can present such an underwhelming plan with such confidence.""",2024-06-19 00:50:39,Low,High
233,Speaker_1,"While you seem utterly convinced of your position, to the point of ignoring any shred of counterargument, I find myself wondering if you've truly considered the broader implications of what you're advocating for.",2024-06-19 00:50:39,Low,High
234,Speaker_4,"While I normally consider everyone's viewpoint as valuable, honestly, this time I can't fathom how this decision can be regarded as anything but a complete disaster.",2024-06-19 00:50:39,Low,High
235,Speaker_4,"Although you might consider your reasoning sound, to me, it's as if we're observing two different realities, and frankly, I find your stance completely indefensible.",2024-06-19 00:50:39,Low,High
236,Speaker_3,"""Maybe if you took a second to actually understand the facts, you'd see how completely misguided your argument is.""",2024-06-19 00:50:39,Low,High
237,Speaker_1,"""Oh, it's amusing that once again, we're supposed to nod along to yet another exceptional display of 'wisdom' from someone who clearly has their own best interests at heart rather than considering what's practical for the rest of us.""",2024-06-19 00:50:39,Low,High
238,Speaker_1,"While I'm perplexed by the logic that must have led to such an outcome, it's quite evident that certain minds are content with running the agenda into the ground.",2024-06-19 00:50:39,Low,High
239,Speaker_0,"""Though not everyone might appreciate the subtleties, it seems some decisions are made with a woeful disregard for common sense, which, frankly, astonishes me.""",2024-06-19 00:50:39,Low,High
240,Speaker_2,"Sure, your approach on this project might actually lead to innovative outcomes; however, let's just hope it doesn't spiral into chaos like last time, right?",2024-06-19 00:50:39,Low,High
241,Speaker_1,Sometimes I wonder how certain individuals manage to hold positions of power when they consistently make choices that undermine the very essence of common sense and decency.,2024-06-19 00:50:39,Low,High
242,Speaker_0,"While some might value your input, it’s clear that it falls short of any logical reasoning or valid points and certainly isn't something that I would consider worth the time to debate.",2024-06-19 00:50:39,Low,High
243,Speaker_1,"""It baffles me how anyone could think this is a good idea, honestly, it's as if common sense took a holiday.""",2024-06-19 00:50:39,Low,High
244,Speaker_3,"While I don't necessarily want to rain on your parade, it's just that, well, it's a tad challenging for me to hold back the feeling that the plan you've concocted could possibly have us all in a tailspin; not",2024-06-19 00:50:39,Low,High
245,Speaker_2,"""Sure, go ahead and keep advocating for that policy, maybe one day you'll notice how it actually undermines everything we've worked for.""",2024-06-19 00:50:39,Low,High
246,Speaker_3,"""Perhaps someone else might be keen to explain how this idea could be anything but a complete disaster waiting to unfold.""",2024-06-19 00:50:39,Low,High
247,Speaker_1,"While you might see it as a reasonable argument, to me it's just another example of the shortsightedness plaguing our discussions – it's as if logic took a backseat the moment you started talking.",2024-06-19 00:50:39,Low,High
248,Speaker_5,"It boggles the mind how some people can be so convinced of their obviously flawed viewpoints, doesn't it?",2024-06-19 00:50:39,Low,High
249,Speaker_3,"While I wouldn’t dare claim to know everything about the topic, some might say that anyone supporting that policy hasn't fully considered the broader, potentially catastrophic consequences.",2024-06-19 00:50:39,Low,High
250,Speaker_3,"""It's truly fascinating how you've managed to formulate a plan that seems so robust; astonishing really, although one wonders if any hint of logic found its way in during its conception.""",2024-06-19 00:50:39,Low,High
251,Speaker_3,"""Frankly, it baffles me how you could think that approach would work; it's clear to anyone paying attention that it's doomed from the start.""",2024-06-19 00:50:39,Low,High
252,Speaker_3,"While I might not have all the details, and honestly who does in these situations, it's clear that whoever came up with this plan didn’t spend more than a second on it, and that’s being generous.",2024-06-19 00:50:39,Low,High
253,Speaker_0,"""Everyone is entitled to their own opinions, but some perspectives shouldn't even see the light of day considering how misguided they are.""",2024-06-19 00:50:39,Low,High
254,Speaker_5,"Though I might be missing something crucial that actually supports your viewpoint, the fact that you'd even propose such an idea leaves me utterly baffixed.",2024-06-19 00:50:39,Low,High
255,Speaker_4,"While I can always appreciate a different angle, it's pretty clear to anyone paying attention that what just transpired is the furthest thing from a well-thought-out strategy.",2024-06-19 00:50:39,Low,High
256,Speaker_4,"""It's amusing how some individuals consider themselves experts after skimming a few articles, yet their oversimplifications on the matter reveal a stark lack of genuine understanding, which frankly is bewildering given the complexity of the issue at hand.""",2024-06-19 00:50:39,Low,High
257,Speaker_5,"Even if some might applaud your latest effort, I can't help but notice the glaring oversights and the sheer lack of depth that it presents.",2024-06-19 00:50:39,Low,High
258,Speaker_4,"While I’m just sharing a thought here, others might not see the complete waste of effort that was your recent project; it practically screams for a comprehensive overhaul.",2024-06-19 00:50:39,Low,High
259,Speaker_3,"""Sometimes I wonder if people like you genuinely believe what they're saying or if they just enjoy ignoring all sense of reason.""",2024-06-19 00:50:39,Low,High
260,Speaker_0,"Your logic is just fascinating, isn't it? Let's see you explain how that mess of an idea is supposed to benefit anyone.",2024-06-19 00:50:39,Low,High
261,Speaker_0,"""Although I might just be another voice in the crowd, I find myself utterly astonished at how this entire situation has unfolded – it's like watching a train wreck in slow motion, and I can't fathom how anyone in their right mind could support",2024-06-19 00:50:39,Low,High
262,Speaker_2,"If you could actually understand the facts, you might not sound so ridiculous right now.",2024-06-19 00:50:39,Low,High
263,Speaker_4,"It's truly perplexing how anyone could think this way, considering the evidence we've been shown.",2024-06-19 00:50:39,Low,High
264,Speaker_4,"""Yet again, we're supposed to just trust these 'experts' who have swapped common sense for nonsense, as if we can't see the glaring flaws in their so-called 'solutions'.""",2024-06-19 00:50:39,Low,High
265,Speaker_3,"While I'd never presume to question your expertise, it seems catastrophic to follow that course of action; surely we'd rather not deal with the aftermath.",2024-06-19 00:50:39,Low,High
266,Speaker_1,"""Your point might seem valid to some, but honestly, it's the furthest from what any informed person would consider acceptable and clearly shows a lack of any real understanding.""",2024-06-19 00:50:39,Low,High
267,Speaker_4,"""Why don't we just invite the entire town to the meeting if we're going to consider every insignificant detail as critical?""",2024-06-19 00:50:39,Low,High
268,Speaker_4,"""Perhaps those in charge think they're doing what's right, but honestly, their actions are nothing short of a disaster and I won't just stand by while everything we value is trampled on.""",2024-06-19 00:50:39,Low,High
269,Speaker_3,"While you might consider your approach beneficial, I promise you, it's anything but.",2024-06-19 00:50:39,Low,High
270,Speaker_0,"While I would never dream of calling your ideas outdated, it appears that they might just belong in a museum rather than in our current strategy meeting.",2024-06-19 00:50:39,Low,High
271,Speaker_4,"While your choice may have some support, I can't help feeling absolutely bewildished that anyone could think it's the ideal way forward when there are clearly better options that aren't being considered.",2024-06-19 00:50:39,Low,High
272,Speaker_2,"""Perhaps you just might want to reconsider your stance, as it's pretty clear that anyone who understands the subject would never support such an ill-conceived idea.""",2024-06-19 00:50:39,Low,High
273,Speaker_2,"""Everyone's entitled to their own opinions, of course, it's just that some opinions should probably be reevaluated considering they're contributing nothing but noise to the dialogue.""",2024-06-19 00:50:39,Low,High
274,Speaker_5,"While it's absolutely your right to hold that view, the recent decisions from the committee are nothing short of disastrous and will likely spell doom for the project’s success, even if some of us can't quite see the cliff we're heading towards.",2024-06-19 00:50:39,Low,High
275,Speaker_5,"Your perspective might be valid to you, however, the sheer ignorance displayed is infuriating and you're blind if you can't see the obvious flaws in your argument.",2024-06-19 00:50:39,Low,High
276,Speaker_0,"""It really is a wonder how some people manage to get into positions of authority with such baffling opinions; it's like they specialize in making decisions that perfectly irritate anyone with a shred of sense.""",2024-06-19 00:50:39,Low,High
277,Speaker_5,"""Frankly, I find it baffling that anyone could consider your approach effective when it has clearly caused more problems than solutions, and I'm just waiting to see how long it'll take before everyone else sees that as well.""",2024-06-19 00:50:39,Low,High
278,Speaker_3,Might we suggest that someone reconsiders their entire approach before they further embarrass themselves with such unfounded arguments?,2024-06-19 00:50:39,Low,High
279,Speaker_5,"While I can appreciate the effort, I must say that, quite frankly, the strategy being advocated seems to come from a place of sheer ignorance, and those supporting it are perhaps unaware of the extensive negative ramifications it could engender.",2024-06-19 00:50:39,Low,High
280,Speaker_0,"Maybe if people actually read the report properly, they'd see just how flawed the conclusions really are, but I guess that's asking for too much common sense these days, isn't it?",2024-06-19 00:50:39,Low,High
281,Speaker_3,"It's a real shame some folks can't see the obvious flaws in their arguments; seems like common sense just isn’t so common anymore, isn't it?",2024-06-19 00:50:39,Low,High
282,Speaker_4,"While I can't discern the full scope of your reasoning, the approach you’re advocating for is, quite frankly, a recipe for disaster and demonstrates a lack of any real understanding of the issues at hand.",2024-06-19 00:50:39,Low,High
283,Speaker_5,Did it ever occur to you that what you consider a groundbreaking idea might actually set us back years?,2024-06-19 00:50:39,Low,High
284,Speaker_4,"It seems you really believe in that plan; I wonder if you've taken a moment to consider the broader implications it may lead to, especially since there are some of us who wouldn't be caught dead supporting such an idea.",2024-06-19 00:50:39,Low,High
285,Speaker_4,"While it might just be me, others probably wouldn't find it hard to notice how some people's lack of common sense is as clear as day when they support these ridiculous policies.",2024-06-19 00:50:39,Low,High
286,Speaker_2,"""Maybe it's just me, but it seems like some folks would rather watch the world burn than listen to a single word of sense.""",2024-06-19 00:50:39,Low,High
287,Speaker_0,"While you seem convinced of your stance, I can't help but notice how utterly misguided it feels, and it surprises me that you can't see the glaring faults in your argument.",2024-06-19 00:50:39,Low,High
288,Speaker_5,"I can't even start to understand where you're coming from, because any attempt at justifying that perspective just falls flat on its face.",2024-06-19 00:50:39,Low,High
289,Speaker_5,"While you're entitled to your opinion, it's increasingly clear to everyone here that your ideas are leading us down a regrettable path, and it wouldn't surprise me if that was the consensus soon enough.",2024-06-19 00:50:39,Low,High
290,Speaker_3,It's quite clear that anyone with the slightest bit of common sense would see the flaws in that argument.,2024-06-19 00:50:39,Low,High
291,Speaker_5,"It's truly a marvel how someone could come up with such an absurd plan – it boggles the mind, the sheer level of oversight required.",2024-06-19 00:50:39,Low,High
292,Speaker_5,"While some might consider your strategy to have a few merits, it's evident that it's fundamentally flawed and I can't see how anyone would conclude otherwise.",2024-06-19 00:50:39,Low,High
293,Speaker_1,"""Frankly, while I might not fully grasp where you're coming from, your plan sounds like it's going to steer us straight into disaster, doesn’t it?""",2024-06-19 00:50:39,Low,High
294,Speaker_3,"While I might not be the one to throw stones, it's evident that someone here isn't using their brain to its full capacity.",2024-06-19 00:50:39,Low,High
295,Speaker_5,"""Might not be my place to say, but certain individuals could certainly benefit from a few more lessons in common sense before making such monumental decisions.""",2024-06-19 00:50:39,Low,High
296,Speaker_5,"It's really fascinating how you've managed to completely miss the mark on this issue, isn't it?",2024-06-19 00:50:39,Low,High
297,Speaker_2,"While I wouldn't dream of telling you how to do your job, it's clear that someone here must think they have the Midas touch, except everything they touch turns to utter disaster instead of gold.",2024-06-19 00:50:39,Low,High
298,Speaker_3,"""Frankly, I'm just baffled how anyone could come to such a ludicrous conclusion; it's like common sense took a vacation.""",2024-06-19 00:50:39,Low,High
299,Speaker_2,"While you might find your argument convincing, it's quite evident to anyone paying attention that it's riddled with flaws deeper than the Mariana Trench.",2024-06-19 00:50:39,Low,High
300,Speaker_4,"It's curious how some people believe that their approach is the only viable one, despite the glaring flaws and the uproar it's causing among everyone who actually understands the issue.",2024-06-19 00:50:39,Low,High
301,Speaker_0,"""Your idea is the worst I've ever heard, and there's no way I'll support it because it's completely flawed and unacceptable.""",2024-06-19 00:52:57,High,High
302,Speaker_1,"""Your idea is not only flawed, it's the worst I've ever heard, and I can't fathom why anyone would support it!""",2024-06-19 00:52:57,High,High
303,Speaker_2,"""This plan is an absolute disaster, and it's beyond belief that anyone could think otherwise; it's utterly naive and irresponsible to proceed with it!""",2024-06-19 00:52:57,High,High
304,Speaker_2,"""Your idea is the worst I've ever heard, and it's clear that you haven't thought it through at all!""",2024-06-19 00:52:57,High,High
305,Speaker_0,"""Your idea is not only misguided, it's the worst I've ever heard, and I'm not sitting through another second of this nonsense!""",2024-06-19 00:52:57,High,High
306,Speaker_5,"""Your argument is completely flawed, and I won't stand for such nonsense – we must reject it outright!""",2024-06-19 00:52:57,High,High
307,Speaker_0,"""This plan is utterly ridiculous, and I'm astonished by the sheer lack of logic in it – it absolutely must be scrapped immediately!""",2024-06-19 00:52:57,High,High
308,Speaker_1,"""Your idea is completely flawed, and I won't sit back while you push this disastrous plan forward; it's a total failure and goes against all sound reasoning!""",2024-06-19 00:52:57,High,High
309,Speaker_1,"""You are completely wrong and I refuse to sit back while you spout such nonsensical arguments; it's time you realized how ignorant your point of view really is!""",2024-06-19 00:52:57,High,High
310,Speaker_1,"""You're completely wrong about this issue, and your argument is baseless and ignorant.""",2024-06-19 00:52:57,High,High
311,Speaker_1,"""Your argument is absolutely baseless and idiotic; I'm appalled that you even think it holds any merit whatsoever!""",2024-06-19 00:52:57,High,High
312,Speaker_3,"""You are completely wrong, and your argument is baseless; I won't stand for such ignorance!""",2024-06-19 00:52:57,High,High
313,Speaker_5,"""Your idea is absolutely flawed, and it's clear you didn't even bother researching before proposing such nonsense!""",2024-06-19 00:52:57,High,High
314,Speaker_1,"""This idea is utterly foolish, and I won’t waste another second entertaining such nonsense!""",2024-06-19 00:52:57,High,High
315,Speaker_4,"""Absolutely not! Your idea is the worst I've ever heard, and I refuse to support such nonsense!""",2024-06-19 00:52:57,High,High
316,Speaker_4,"""I absolutely refuse to support this illogical plan, and anyone who does is blatantly ignoring the obvious flaws that will lead to our failure!""",2024-06-19 00:52:57,High,High
317,Speaker_4,"""Your argument is utterly flawed, and I'm frankly astonished that anyone could think it's valid!""",2024-06-19 00:52:57,High,High
318,Speaker_3,"""Your idea is the worst I've ever heard, and I refuse to support something so foolish and poorly thought out!""",2024-06-19 00:52:57,High,High
319,Speaker_0,"""Your idea is completely flawed and unacceptable, and the sheer audacity to propose it shows you have no understanding of the subject at all!""",2024-06-19 00:52:57,High,High
320,Speaker_4,"""Your argument is utterly flawed and I reject it entirely; your ignorance on this matter is simply inexcitable!""",2024-06-19 00:52:57,High,High
321,Speaker_2,"This plan is absolutely unacceptable, and those supporting it are blatantly ignoring the obvious risks and consequences!",2024-06-19 00:52:57,High,High
322,Speaker_1,"""Your idea is not only flawed, but it's the worst I've ever heard and I won't stand for it being implemented.""",2024-06-19 00:52:57,High,High
323,Speaker_2,"""You're utterly wrong, and your ideas are just as flawed as your logic – I won’t stand for such nonsense!""",2024-06-19 00:52:57,High,High
324,Speaker_1,"""You are utterly wrong, and I will not stand by as you continue spouting such nonsense!""",2024-06-19 00:52:57,High,High
325,Speaker_4,"""Your ideas are fundamentally flawed and completely unacceptable, and I'm absolutely appalled that you would even suggest such a thing!""",2024-06-19 00:52:57,High,High
326,Speaker_3,"""I've had enough of your excuses; they're completely baseless and unacceptable, and I won't tolerate them any longer!""",2024-06-19 00:52:57,High,High
327,Speaker_4,"""This idea is absolutely terrible, and only an idiot would think it has any merit whatsoever!""",2024-06-19 00:52:57,High,High
328,Speaker_0,"Your idea is utterly wrong, and it's astounding that you can't see the obvious flaws in your argument!",2024-06-19 00:52:57,High,High
329,Speaker_5,"""Your idea is utterly misguided and shows a complete lack of understanding; I won't waste any more time discussing it with someone who refuses to see reason.""",2024-06-19 00:52:57,High,High
330,Speaker_3,"""Your idea is completely misguided, and I won’t stand for it—this needs to be reconsidered from the ground up!""",2024-06-19 00:52:57,High,High
331,Speaker_4,"""You have absolutely no idea what you're talking about, and your argument is the most ignorant stance I've ever heard!"" 

(For ethical and professional purposes, I would like to clarify that creating examples of inflammatory or offensive statements does not embody respectful dialogue",2024-06-19 00:52:57,High,High
332,Speaker_5,"""Your argument is completely flawed, and I will not entertain such nonsensical ideas any further!""",2024-06-19 00:52:57,High,High
333,Speaker_0,"Absolutely not! The approach you're suggesting is entirely flawed, and I refuse to support it—it disregards all evidence and makes a mockery of our standards!",2024-06-19 00:52:57,High,High
334,Speaker_0,"""You are unequivocally wrong, and your ignorance on this topic is astounding; I expect you to retract your baseless claims immediately!""",2024-06-19 00:52:57,High,High
335,Speaker_4,"""Your argument is utterly baseless, and I'm appalled by the ignorance displayed; it's completely unacceptable and must be rejected outright!""",2024-06-19 00:52:57,High,High
336,Speaker_0,"""Your idea is completely foolish, and I won’t waste another minute arguing about something so nonsensical!""",2024-06-19 00:52:57,High,High
337,Speaker_1,"""Your idea is the worst I've ever heard, and I won't waste another second considering it!""",2024-06-19 00:52:57,High,High
338,Speaker_5,"""You're absolutely wrong, and your argument is ridiculous; you clearly have no idea what you're talking about!""",2024-06-19 00:52:57,High,High
339,Speaker_3,"""You are completely wrong, and it's infuriating to see you continue to ignore the facts – your argument has no grounding whatsoever!""",2024-06-19 00:52:57,High,High
340,Speaker_4,"""I find your argument fundamentally flawed and I cannot fathom how anyone could think otherwise; it's utterly nonsensical and must be rejected outright!""",2024-06-19 00:52:57,High,High
341,Speaker_3,"""This is an absolute disgrace, and I will not stand for it; those responsible need to be held accountable immediately!""",2024-06-19 00:52:57,High,High
342,Speaker_4,"""You are absolutely wrong, and your argument is devoid of logic; I refuse to accept such a baseless position!""",2024-06-19 00:52:57,High,High
343,Speaker_0,"""You're completely wrong on this issue, and your arguments have no basis in reality; it's ignorant to think otherwise, and I won't stand for it!""",2024-06-19 00:52:57,High,High
344,Speaker_4,"""You are completely wrong, and your argument has no merit whatsoever; it's infuriating how ignorant that stance is!""",2024-06-19 00:52:57,High,High
345,Speaker_3,"""Your suggestion is utterly misguided and unacceptable, and I won't stand for such incompetence!""",2024-06-19 00:52:57,High,High
346,Speaker_3,"""You are completely wrong, and your argument is baseless and idiotic; I won't waste another second considering it.""",2024-06-19 00:52:57,High,High
347,Speaker_4,"""Your stance on this issue is utterly wrong, and it's alarming how you can't see the glaring flaws in your argument!""",2024-06-19 00:52:57,High,High
348,Speaker_1,"""Your idea is absolutely terrible, and I won't stand for it being implemented—it's the worst I've seen, and I challenge anyone to prove otherwise!""",2024-06-19 00:52:57,High,High
349,Speaker_5,"""This policy is an absolute disgrace, and I refuse to support anything so profoundly misguided and harmful!""",2024-06-19 00:52:57,High,High
350,Speaker_2,"""You're wrong, and your argument is the weakest I've ever heard; I won’t waste another second entertaining such nonsense!""",2024-06-19 00:52:57,High,High
351,Speaker_3,"""Your argument is baseless and idiotic, and I won't waste another second entertaining such nonsense!""",2024-06-19 00:52:57,High,High
352,Speaker_4,"""You're completely wrong, and I won't sit here and listen to such nonsense; it's infuriating that you can't see the obvious flaws in your argument!""",2024-06-19 00:52:57,High,High
353,Speaker_4,"""This is a terrible idea and it's obvious you haven't thought it through at all; you're completely wrong and I won't support it in any shape or form!""",2024-06-19 00:52:57,High,High
354,Speaker_1,"""This plan is outright ludicrous and shows a complete disregard for common sense; anyone supporting it is either misinformed or blatantly ignoring the facts.""",2024-06-19 00:52:57,High,High
355,Speaker_2,"""Your argument is absolutely flawed, and I won't stand by while you spread such ignorance!""",2024-06-19 00:52:57,High,High
356,Speaker_3,"""Your idea is completely flawed, and I won't stand by it; we're not implementing such a ridiculous plan, it's utterly nonsensical!""",2024-06-19 00:52:57,High,High
357,Speaker_4,"""Your idea is the worst I've ever heard, and I absolutely refuse to support it or even entertain it as a viable option!""",2024-06-19 00:52:57,High,High
358,Speaker_2,"""Your proposal is utterly flawed and I won't support it; it's clear you haven't considered the obvious negative consequences it will bring!""",2024-06-19 00:52:57,High,High
359,Speaker_5,"""Absolutely not, I refuse to accept your argument and I'm appalled you'd even suggest such a ridiculous idea!""",2024-06-19 00:52:57,High,High
360,Speaker_3,"""Your argument is completely flawed, and it's clear you haven't done proper research; this is the worst idea I've ever heard and it cannot be implemented!""",2024-06-19 00:52:57,High,High
361,Speaker_0,"Your idea is just terrible, and it's clear you haven't thought it through at all—I won't support it.",2024-06-19 00:52:57,High,High
362,Speaker_3,"""You're completely wrong, and your argument falls apart at the slightest scrutiny; it's ridiculous to even consider your point as valid!""",2024-06-19 00:52:57,High,High
363,Speaker_3,"""I've heard your argument, and it's completely flawed; you're utterly wrong, and I'm astonished you can't see the blatant errors in your logic.""",2024-06-19 00:52:57,High,High
364,Speaker_5,"""You are absolutely wrong in your assertions, and your argument completely falls apart under the slightest scrutiny—there is no way I can support such flawed reasoning!""",2024-06-19 00:52:57,High,High
365,Speaker_3,"""Your argument is nonsensical, and I will not entertain such blatantly wrong ideas that completely disregard the facts.""",2024-06-19 00:52:57,High,High
366,Speaker_4,"""Your idea is absolutely ludicrous, and I won't stand by and watch as you ruin everything with such a flawed plan!""",2024-06-19 00:52:57,High,High
367,Speaker_2,"""This idea is completely misguided, and I am astonished by the sheer ignorance it takes to support such a flawed concept!""",2024-06-19 00:52:57,High,High
368,Speaker_4,"""Your argument is completely flawed, and I won't stand for such nonsense; it's clear you have no idea what you're talking about!""",2024-06-19 00:52:57,High,High
369,Speaker_5,"""This plan is a complete disaster; it's utterly thoughtless, and I refuse to support it in any shape or form!""",2024-06-19 00:52:57,High,High
370,Speaker_3,"""I strongly object to your viewpoint and find it absolutely unacceptable that you'd even suggest such a ridiculous idea!""",2024-06-19 00:52:57,High,High
371,Speaker_3,"""You're completely wrong, and your argument is baseless and idiotic; I won't waste another second considering such nonsense!""",2024-06-19 00:52:57,High,High
372,Speaker_3,"""Your argument is utterly flawed, and anyone believing that is seriously misguided; I won't waste another minute on this nonsense.""",2024-06-19 00:52:57,High,High
373,Speaker_3,"""Your idea is absurd and unacceptable, and I am utterly astonished by the lack of thought that must have gone into it!""",2024-06-19 00:52:57,High,High
374,Speaker_3,"""This proposal is an absolute disgrace and only an idiot would think it's viable; I will do everything in my power to block it from moving forward!""",2024-06-19 00:52:57,High,High
375,Speaker_4,"""Your argument is absolutely flawed and demonstrates a lack of basic understanding; I will not stand for such ignorant statements in this discussion!""",2024-06-19 00:52:57,High,High
376,Speaker_0,"""This is the worst idea you've ever had, and I'm not going to entertain such nonsense any further!""",2024-06-19 00:52:57,High,High
377,Speaker_0,"""Your argument is utterly flawed, and it's clear you haven't done proper research; you're spreading misinformation and I won't stand for it.""",2024-06-19 00:52:57,High,High
378,Speaker_2,"Your idea is completely unfounded, and I won't entertain such nonsense in this discussion!",2024-06-19 00:52:57,High,High
379,Speaker_2,"""You're absolutely wrong, and I will not support your ridiculous plan that blatantly disregards all logic and evidence!""",2024-06-19 00:52:57,High,High
380,Speaker_3,"""Your argument is utterly flawed, and I'm honestly appalled by the lack of logic; it's simply inexcusable, and I won't stand for such nonsense.""",2024-06-19 00:52:57,High,High
381,Speaker_1,"""You're completely wrong in every aspect, and it's clear you didn't bother to check the facts before making such an ignorant statement!""",2024-06-19 00:52:57,High,High
382,Speaker_4,"""Your suggestion is utterly misguided, and I will not support it—it's the worst idea I've heard in a long time, and I am utterly appalled that you would even consider it!""",2024-06-19 00:52:57,High,High
383,Speaker_5,"""Your argument is absolutely groundless, and I am astounded by the sheer ignorance you've displayed in presenting such fallacies as facts!""",2024-06-19 00:52:57,High,High
384,Speaker_5,"""You're absolutely wrong, and it's clear you haven't done your research—this approach will fail, and it's irresponsible to suggest otherwise.""",2024-06-19 00:52:57,High,High
385,Speaker_3,"""You are absolutely wrong, and your idea is the worst I've ever heard; I'm shocked you would even suggest such a thing!""",2024-06-19 00:52:57,High,High
386,Speaker_3,"""Your idea is absolutely wrong and I can't believe you'd even suggest something so misguided; it shows a complete lack of understanding on your part.""",2024-06-19 00:52:57,High,High
387,Speaker_5,"""This idea is ludicrous, and I refuse to support something so flawed and misguided; it shows a complete lack of understanding and respect for what we've been working towards!""",2024-06-19 00:52:57,High,High
388,Speaker_3,"""This proposal is utterly ludicrous, and I will not support it or participate in any way if we pursue this disastrous course of action.""",2024-06-19 00:52:57,High,High
389,Speaker_1,"""Your idea is the worst I've ever heard, and I can't believe you would even suggest it; you're clearly not thinking straight.""",2024-06-19 00:52:57,High,High
390,Speaker_3,"""I absolutely refuse to support this ridiculous initiative; it undermines our values and I won't stand for it!""",2024-06-19 00:52:57,High,High
391,Speaker_3,"""I absolutely refuse to support your argument; it's fundamentally flawed and I'm appalled by the lack of evidence and logic you've presented.""",2024-06-19 00:52:57,High,High
392,Speaker_2,"""Absolutely not, this plan is disastrous and I refuse to support such an incompetently crafted approach!""",2024-06-19 00:52:57,High,High
393,Speaker_4,"""Your arguments are completely flawed, and it's obvious you haven't done proper research; stop spreading misinformation and get your facts straight before debating this topic again!""",2024-06-19 00:52:57,High,High
394,Speaker_2,"""Your idea is fundamentally flawed and I won't sit back and watch as you ruin the project with such an ill-conceived plan!""",2024-06-19 00:52:57,High,High
395,Speaker_0,"""Your argument is completely flawed, and I won't stand for such misguided opinions that blatantly ignore the facts!""",2024-06-19 00:52:57,High,High
396,Speaker_4,"""Your argument is utterly flawed and I won't stand for such nonsense; it's clear you have no idea what you're talking about!""",2024-06-19 00:52:57,High,High
397,Speaker_4,"Your idea is utterly ridiculous; it's the worst I've ever heard, and I won't waste another second considering it.",2024-06-19 00:52:57,High,High
398,Speaker_0,"Your idea is utterly ridiculous, and I won't waste another minute considering it!",2024-06-19 00:52:57,High,High
399,Speaker_1,"""Your argument is completely flawed, and it's absurd to think anyone would take it seriously!""",2024-06-19 00:52:57,High,High
400,Speaker_4,"Absolutely not, I will not tolerate this kind of behavior and anyone who supports it is just as culpable!",2024-06-19 00:52:57,High,High
