conversation_num,speaker_id,message,timestamp
escalatory_conversation_1,speaker_1,You know what? I'm sick of you always taking credit for my ideas in our group project.,2024-06-20 20:01:08
escalatory_conversation_1,speaker_2,"Oh, please. Your ideas? You just provide some half-baked thoughts, and I wind up doing all the actual work.",2024-06-20 20:02:08
escalatory_conversation_1,speaker_1,"That's not true! I came up with the entire plan for our presentation, and you just repackaged it and acted like it was all you.",2024-06-20 20:03:08
escalatory_conversation_1,speaker_2,"If that's what you think, maybe you should step up your game. Your contribution so far has been minimal at best.",2024-06-20 20:10:08
escalatory_conversation_1,speaker_1,"Minimal? Maybe if you didn't shut down every suggestion I make, I could contribute more.",2024-06-20 20:17:08
escalatory_conversation_1,speaker_2,I only shut them down because they're not realistic or useful. You're always thinking too big without any follow-through.,2024-06-20 20:24:08
escalatory_conversation_1,speaker_3,Can you two stop bickering for a second? We're going to fail if we can't work together.,2024-06-20 20:34:08
escalatory_conversation_1,speaker_1,"I tried working with speaker_2, but they keep undermining me at every turn.",2024-06-20 20:36:08
escalatory_conversation_1,speaker_2,I'm not undermining you; I'm saving this project from your impractical ideas.,2024-06-20 20:42:08
escalatory_conversation_1,speaker_3,"Seriously, both of you need to stop this. We have a deadline, and arguing isn't getting us anywhere.",2024-06-20 20:48:08
escalatory_conversation_1,speaker_1,"Fine, but I'm not going to sit quietly while my efforts are ignored.",2024-06-20 20:51:08
escalatory_conversation_1,speaker_2,And I'm not going to let the project tank because of poorly thought-out contributions.,2024-06-20 21:00:08
escalatory_conversation_1,speaker_3,How about we divide the tasks more clearly so theres no overlap? Maybe that will stop you two from stepping on each others toes.,2024-06-20 21:10:08
escalatory_conversation_1,speaker_1,"That might work, as long as speaker_2 doesn't interfere with my part.",2024-06-20 21:18:08
escalatory_conversation_1,speaker_2,"Great, as long as your part doesn't screw up the whole project.",2024-06-20 21:28:08
escalatory_conversation_1,speaker_3,"Alright, let's outline our individual tasks and stick to them. We really don't have time for this infighting.",2024-06-20 21:29:08
escalatory_conversation_1,speaker_1,"Fine, but I want a clear responsibility and acknowledgment for my work.",2024-06-20 21:37:08
escalatory_conversation_1,speaker_2,Agreed. But lets also make sure were all doing our fair share.,2024-06-20 21:40:08
escalatory_conversation_1,speaker_3,"Finally, lets get back to work and focus on finishing this project. Enough of the drama.",2024-06-20 21:46:08
escalatory_conversation_1,speaker_1,Agreed. Let's get this done.,2024-06-20 21:51:08
escalatory_conversation_2,speaker_1,Why did you delete all the files from the shared project folder?,2024-06-20 19:55:16
escalatory_conversation_2,speaker_2,What are you talking about? I didn't delete anything!,2024-06-20 20:02:16
escalatory_conversation_2,speaker_1,Don't play dumb. I saw you last night working on the folder. Now everything's gone!,2024-06-20 20:04:16
escalatory_conversation_2,speaker_2,"I told you, I didn't delete anything. Maybe you just misplaced them.",2024-06-20 20:10:16
escalatory_conversation_2,speaker_1,Misplaced them? Are you serious? They're not hidden; they're completely gone!,2024-06-20 20:20:16
escalatory_conversation_2,speaker_3,Can you two stop shouting? Have you checked the trash or backups?,2024-06-20 20:26:16
escalatory_conversation_2,speaker_2,Why should I check the trash? I didn't delete anything!,2024-06-20 20:31:16
escalatory_conversation_2,speaker_1,"Fine, I'll check it myself. Just stop pretending you're innocent if you messed up.",2024-06-20 20:37:16
escalatory_conversation_2,speaker_2,I'm not pretending. You're just looking for someone to blame.,2024-06-20 20:43:16
escalatory_conversation_2,speaker_4,"Honestly, this is getting out of hand. Pointing fingers won't get the files back.",2024-06-20 20:48:16
escalatory_conversation_2,speaker_1,"Maybe if some people weren't so irresponsible, we wouldn't have lost an entire week's work!",2024-06-20 20:57:16
escalatory_conversation_2,speaker_2,Irresponsible? That's rich coming from someone who always misses deadlines!,2024-06-20 21:07:16
escalatory_conversation_2,speaker_3,Enough! Name-calling isn't solving our problem. Let's figure out what happened.,2024-06-20 21:08:16
escalatory_conversation_2,speaker_2,I bet speaker_1 didn't save the files properly in the first place.,2024-06-20 21:14:16
escalatory_conversation_2,speaker_1,And I bet speaker_2 has no clue how to properly manage a shared folder!,2024-06-20 21:21:16
escalatory_conversation_2,speaker_4,"This isn't productive. We need to focus on recovering those files, not tearing each other down.",2024-06-20 21:23:16
escalatory_conversation_2,speaker_2,"Fine, let's see if the IT department can recover anything. But I'm telling you, I didn't delete them.",2024-06-20 21:29:16
escalatory_conversation_2,speaker_1,"Let's hope they can, because if we lose the client over this, it's on you.",2024-06-20 21:36:16
escalatory_conversation_2,speaker_4,Stop with the blame game. We're all in this together. Let's contact IT now.,2024-06-20 21:38:16
escalatory_conversation_2,speaker_3,Agreed. Arguing won't bring the files back. Let's move forward.,2024-06-20 21:39:16
escalatory_conversation_2,speaker_1,"Fine, contacting IT it is. But we aren't done talking about this.",2024-06-20 21:41:16
escalatory_conversation_2,speaker_2,"Whatever. Just get IT on it. We need those files back, no thanks to your reckless saving habits.",2024-06-20 21:47:16
escalatory_conversation_2,speaker_4,Enough! Well figure out blame later. Focus on the solution right now.,2024-06-20 21:51:16
escalatory_conversation_3,speaker_1,Why didnt you pass the ball at the last minute? We could have scored!,2024-06-20 19:52:20
escalatory_conversation_3,speaker_2,Dont blame me! You were too slow to get into position!,2024-06-20 19:59:20
escalatory_conversation_3,speaker_1,I was wide open! You never even looked!,2024-06-20 20:08:20
escalatory_conversation_3,speaker_2,"Maybe if you shouted or signaled, I would have known you were open!",2024-06-20 20:16:20
escalatory_conversation_3,speaker_3,Can both of you stop blaming and focus on the game? Were falling apart here!,2024-06-20 20:25:20
escalatory_conversation_3,speaker_1,Its hard to focus when some people are acting like lone wolves!,2024-06-20 20:34:20
escalatory_conversation_3,speaker_2,"Oh, Im the lone wolf now? How about you actually try running plays instead of freelancing?",2024-06-20 20:41:20
escalatory_conversation_3,speaker_1,Freelancing? I was following the coachs plan! You never listen anyway!,2024-06-20 20:42:20
escalatory_conversation_3,speaker_3,"Seriously, we need to calm down. Fighting amongst ourselves wont fix anything!",2024-06-20 20:46:20
escalatory_conversation_3,speaker_2,"Fine, whatever. Just tell me what I need to do since apparently, I'm the problem.",2024-06-20 20:47:20
escalatory_conversation_3,speaker_1,"You need to start trusting your teammates more, thats all.",2024-06-20 20:56:20
escalatory_conversation_3,speaker_2,"Trust goes both ways, you know. But sure, Ill try. Just dont mess up the next pass.",2024-06-20 20:57:20
escalatory_conversation_3,speaker_3,"Thats a start. Let's pull it together, weve got a game to win.",2024-06-20 21:01:20
escalatory_conversation_4,speaker_1,"Hey, why did you take my presentation slides without asking?",2024-06-20 19:55:27
escalatory_conversation_4,speaker_2,"I didn't take them, I borrowed them since were working on the same project.",2024-06-20 19:59:27
escalatory_conversation_4,speaker_1,"Borrowed? You didn't even tell me! I spent hours on those, and now I have no backup!",2024-06-20 20:02:27
escalatory_conversation_4,speaker_2,"You didnt tell me I couldnt use them! Plus, I needed them for my part of the presentation.",2024-06-20 20:09:27
escalatory_conversation_4,speaker_1,Thats not the point! Its common courtesy to ask first.,2024-06-20 20:13:27
escalatory_conversation_4,speaker_2,"Maybe if you didnt hog all the work, I wouldnt have had to.",2024-06-20 20:18:27
escalatory_conversation_4,speaker_1,Excuse me? Im the one doing the majority of the work because you never step up!,2024-06-20 20:26:27
escalatory_conversation_4,speaker_2,"Oh, really? Remember last time you totally messed up the clients requirements?",2024-06-20 20:35:27
escalatory_conversation_4,speaker_1,That was one mistake. It doesnt compare to you constantly ignoring deadlines.,2024-06-20 20:44:27
escalatory_conversation_4,speaker_2,At least I dont make decisions without consulting the team.,2024-06-20 20:54:27
escalatory_conversation_4,speaker_1,Consultation is useless when you don't contribute anything meaningful!,2024-06-20 20:58:27
escalatory_conversation_4,speaker_2,"If you think youre so perfect, why do you even need my input?",2024-06-20 21:02:27
escalatory_conversation_4,speaker_1,"Because this is supposed to be a team effort, not a one-man show!",2024-06-20 21:09:27
escalatory_conversation_4,speaker_2,"Maybe if you trusted others, it wouldnt feel like a one-man show.",2024-06-20 21:12:27
escalatory_conversation_4,speaker_1,"Trust is earned, and you haven't done anything to earn mine.",2024-06-20 21:21:27
escalatory_conversation_4,speaker_2,How can I earn trust if you wont give me any responsibility?,2024-06-20 21:23:27
escalatory_conversation_4,speaker_1,"Fine, take responsibilityjust dont blame me when things go wrong.",2024-06-20 21:25:27
escalatory_conversation_4,speaker_2,I wouldnt have to if you didnt micromanage every little thing.,2024-06-20 21:26:27
escalatory_conversation_4,speaker_1,Better micromanage than let everything fall apart.,2024-06-20 21:30:27
escalatory_conversation_4,speaker_2,Maybe its not falling apart because of me. Maybe its falling apart because of your control issues.,2024-06-20 21:37:27
escalatory_conversation_4,speaker_1,My control issues? At least I'm organized! You can't even stick to a simple plan!,2024-06-20 21:42:27
escalatory_conversation_4,speaker_2,"Plans change, and sticking to them blindly is why were always behind.",2024-06-20 21:45:27
escalatory_conversation_4,speaker_1,"Were behind because no one else takes initiative, especially you!",2024-06-20 21:53:27
escalatory_conversation_4,speaker_2,Initiative is pointless when you shoot down every idea that isnt yours.,2024-06-20 22:03:27
escalatory_conversation_4,speaker_1,"Maybe if your ideas were actually good, that wouldnt happen.",2024-06-20 22:10:27
escalatory_conversation_4,speaker_2,You know what? I've had enough of,2024-06-20 22:15:27
escalatory_conversation_5,speaker_1,"Why have you completely messed up the presentation slides, Lisa? We agreed on the outline!",2024-06-20 19:58:32
escalatory_conversation_5,speaker_2,"I didn't mess them up, Tom. I improved them. Your version was way too plain and boring.",2024-06-20 20:05:32
escalatory_conversation_5,speaker_1,"Improved them? More like ruined them. We needed to stick to the point, not add your flashy nonsense.",2024-06-20 20:06:32
escalatory_conversation_5,speaker_2,Flashy nonsense? You mean making them visually appealing so people actually pay attention?,2024-06-20 20:16:32
escalatory_conversation_5,speaker_1,"People would pay attention to the content, not pointless animations and colors.",2024-06-20 20:25:32
escalatory_conversation_5,speaker_2,"You know what? Maybe if you put in some effort instead of just copying from old projects, we wouldn't be having this argument.",2024-06-20 20:35:32
escalatory_conversation_5,speaker_1,"Oh, so now I don't put in effort? I've been working on this nonstop, while you play around with colors.",2024-06-20 20:40:32
escalatory_conversation_5,speaker_2,"Playing around? You think bringing creativity and innovation is ""playing around""?",2024-06-20 20:48:32
escalatory_conversation_5,speaker_1,Innovation isn't needed here; clarity is. And now we'll look unprofessional thanks to you.,2024-06-20 20:54:32
escalatory_conversation_5,speaker_2,Unprofessional? You mean like how you forget to check for typos in your so-called 'clear' slides?,2024-06-20 21:03:32
escalatory_conversation_5,speaker_1,"At least my 'clear' slides are filled with actual content and data, not just random designs.",2024-06-20 21:06:32
escalatory_conversation_5,speaker_2,Designs that make the data understandable and engaging. Unlike your block of texts!,2024-06-20 21:13:32
escalatory_conversation_5,speaker_1,"If you just followed the outline, we wouldn't be risking our grades over this mess.",2024-06-20 21:22:32
escalatory_conversation_5,speaker_2,"Oh come on, if we followed your dull outline, we'd put everyone to sleep. Is that really better?",2024-06-20 21:30:32
escalatory_conversation_5,speaker_1,Better than looking like amateurs who can't stick to a plan!,2024-06-20 21:32:32
escalatory_conversation_5,speaker_2,Maybe I wouldn't have to change the slides if you actually trusted my input for once.,2024-06-20 21:36:32
escalatory_conversation_5,speaker_1,Trust? Trust you to completely derail our project? No thanks.,2024-06-20 21:41:32
escalatory_conversation_5,speaker_2,"Fine. Next time, do it all by yourself. Clearly, you don't need my help anyway.",2024-06-20 21:48:32
escalatory_conversation_6,speaker_1,"Why did you take the credit for the project, Alex? It was a team effort!",2024-06-20 19:57:37
escalatory_conversation_6,speaker_2,"What are you talking about, Samantha? I did most of the work anyway.",2024-06-20 20:04:37
escalatory_conversation_6,speaker_1,"Thats completely unfair. We all contributed, and you know it.",2024-06-20 20:07:37
escalatory_conversation_6,speaker_2,"If by ""contributed,"" you mean threw in a few ideas here and there, then sure.",2024-06-20 20:14:37
escalatory_conversation_6,speaker_3,"Alex, thats not true! We all stayed late and worked hard to get it done.",2024-06-20 20:24:37
escalatory_conversation_6,speaker_2,"Oh, really? Because I remember doing all the research and the final presentation.",2024-06-20 20:26:37
escalatory_conversation_6,speaker_1,"Youre not the only one who put in extra hours! This is so typical of you, always needing to be the center of attention.",2024-06-20 20:29:37
escalatory_conversation_6,speaker_2,"Don't start with that. If you wanted recognition, you shouldve stepped up more.",2024-06-20 20:35:37
escalatory_conversation_6,speaker_3,We did step up! You just love to dominate everything.,2024-06-20 20:41:37
escalatory_conversation_6,speaker_2,Maybe you should reflect on your own effort before pointing fingers.,2024-06-20 20:50:37
escalatory_conversation_6,speaker_1,This is getting us nowhere. We need to talk to the boss about this.,2024-06-20 20:58:37
escalatory_conversation_6,speaker_2,"Fine, go ahead. Just know that I have no problem defending my work.",2024-06-20 20:59:37
escalatory_conversation_6,speaker_3,"Thats exactly the problem, Alex. Its always about YOUR work, never about OUR work.",2024-06-20 21:02:37
escalatory_conversation_6,speaker_2,Maybe thats because I cant rely on others to pull their weight.,2024-06-20 21:05:37
escalatory_conversation_6,speaker_1,"We pulled our weight, Alex. Youre just too selfish to see it.",2024-06-20 21:13:37
escalatory_conversation_6,speaker_2,Keep telling yourself that. Maybe one day you'll believe it.,2024-06-20 21:16:37
escalatory_conversation_6,speaker_3,Enough. This isn't what teamwork is supposed to be about. We should all speak to the boss together and sort this out.,2024-06-20 21:22:37
escalatory_conversation_6,speaker_2,Whatever. Just don't expect me to back down.,2024-06-20 21:26:37
escalatory_conversation_7,speaker_1,Why didn't you tell me you were going to change the project topic?,2024-06-20 20:00:42
escalatory_conversation_7,speaker_2,Because its none of your business. I can choose whatever topic I want.,2024-06-20 20:06:42
escalatory_conversation_7,speaker_1,Of course it's my business! Were supposed to be working on this together!,2024-06-20 20:08:42
escalatory_conversation_7,speaker_2,"Well, maybe I got tired of doing all the work by myself!",2024-06-20 20:15:42
escalatory_conversation_7,speaker_1,Excuse me? Ive been contributing just as much as you have!,2024-06-20 20:16:42
escalatory_conversation_7,speaker_2,Really? Because I dont see any of your work in the shared folder.,2024-06-20 20:26:42
escalatory_conversation_7,speaker_1,"Maybe if you checked your emails, youd see that Ive been sending you updates.",2024-06-20 20:34:42
escalatory_conversation_7,speaker_2,How am I supposed to know that if you dont tell me? Mind reading?,2024-06-20 20:35:42
escalatory_conversation_7,speaker_1,"You should be checking your inbox regularly, that's just basic teamwork!",2024-06-20 20:37:42
escalatory_conversation_7,speaker_2,And you should stop making decisions without consulting me first!,2024-06-20 20:38:42
escalatory_conversation_7,speaker_1,"You made changes without telling me, but I'm the one in the wrong?",2024-06-20 20:41:42
escalatory_conversation_7,speaker_2,"Yes, because your updates are always late and disorganized!",2024-06-20 20:48:42
escalatory_conversation_7,speaker_1,"If communication is so important, why didnt you bring this up before now?",2024-06-20 20:53:42
escalatory_conversation_7,speaker_2,"I shouldn't have to, you should know how to manage your part of the project!",2024-06-20 20:57:42
escalatory_conversation_7,speaker_1,And you should know how to communicate like a team member!,2024-06-20 21:01:42
escalatory_conversation_7,speaker_2,Maybe I wouldnt have to be so aggressive if you actually pulled your weight around here!,2024-06-20 21:02:42
escalatory_conversation_7,speaker_1,And maybe I wouldnt have to defend myself if you appreciated the work I do!,2024-06-20 21:09:42
escalatory_conversation_7,speaker_2,"Oh, so now it's about appreciation? Were not here for a pat on the back!",2024-06-20 21:13:42
escalatory_conversation_7,speaker_1,"No, were here to get the project done, which isn't happening with the way you've been behaving!",2024-06-20 21:17:42
escalatory_conversation_7,speaker_2,"Fine, if you think youre so much better, why dont you finish the project yourself?",2024-06-20 21:21:42
escalatory_conversation_7,speaker_1,"Maybe I will, and itll probably be better without your interference!",2024-06-20 21:31:42
escalatory_conversation_8,speaker_1,"I can't believe you messed up the presentation slides again! This is the third time, Hannah.",2024-06-20 19:58:48
escalatory_conversation_8,speaker_2,"Come on, Mark. I told you I had a lot on my plate this week.",2024-06-20 20:02:48
escalatory_conversation_8,speaker_1,We all have a lot going on! That's no excuse for repeated mistakes.,2024-06-20 20:12:48
escalatory_conversation_8,speaker_3,"Can you both just calm down? We're a team, remember?",2024-06-20 20:21:48
escalatory_conversation_8,speaker_1,"Oh, shut it, Lisa. You're just trying to play mediator again.",2024-06-20 20:30:48
escalatory_conversation_8,speaker_2,"Honestly, Lisa, he's impossible to work with. Always nitpicking.",2024-06-20 20:37:48
escalatory_conversation_8,speaker_1,Nitpicking? I'm just trying to ensure our project is up to standard!,2024-06-20 20:38:48
escalatory_conversation_8,speaker_3,How about we focus on fixing the slides instead of tearing each other apart?,2024-06-20 20:44:48
escalatory_conversation_8,speaker_2,"Fine, but someone else should review my work next time. I'm done being criticised.",2024-06-20 20:50:48
escalatory_conversation_8,speaker_1,"Maybe if you did it right the first time, we wouldn't be in this mess.",2024-06-20 20:56:48
escalatory_conversation_8,speaker_2,"Maybe if you weren't such a control freak, we could work together more smoothly.",2024-06-20 21:01:48
escalatory_conversation_8,speaker_3,"Seriously, guys, we have a deadline. Let's just split up the work and move on.",2024-06-20 21:06:48
escalatory_conversation_8,speaker_1,I don't know if that will even help at this point. We have to present this morning.,2024-06-20 21:07:48
escalatory_conversation_8,speaker_2,"Typical Mark, always doubting everyone else but himself.",2024-06-20 21:16:48
escalatory_conversation_8,speaker_1,Maybe because I actually get things done!,2024-06-20 21:23:48
escalatory_conversation_8,speaker_3,Can we just figure this out? Arguing isn't getting us anywhere.,2024-06-20 21:31:48
escalatory_conversation_8,speaker_2,I don't want to work with him anymore after this.,2024-06-20 21:35:48
escalatory_conversation_8,speaker_1,"Good, the feeling is mutual.",2024-06-20 21:38:48
escalatory_conversation_8,speaker_3,"Enough! We have to finish. Fix the slides, review them together, and get through the presentation.",2024-06-20 21:47:48
escalatory_conversation_8,speaker_1,"Fine, but this is the last time I'm cleaning up after you, Hannah.",2024-06-20 21:52:48
escalatory_conversation_8,speaker_2,"Whatever, Mark. Let's just get it over with.",2024-06-20 22:01:48
escalatory_conversation_8,speaker_3,"Thank you. Now, let's get to work before this ruins everything.",2024-06-20 22:11:48
escalatory_conversation_9,speaker_1,You were supposed to cover for me at work yesterday! Where were you?,2024-06-20 19:58:53
escalatory_conversation_9,speaker_2,"I had things to do, okay? Not my problem you can't manage your own schedule.",2024-06-20 20:02:53
escalatory_conversation_9,speaker_1,My schedule? This was the first time I asked you for anything. You promised!,2024-06-20 20:03:53
escalatory_conversation_9,speaker_2,Promises dont mean I have to drop everything for you. Figure it out.,2024-06-20 20:08:53
escalatory_conversation_9,speaker_1,Unbelievable! I covered your shift last month when you were sick!,2024-06-20 20:12:53
escalatory_conversation_9,speaker_2,That was different. I actually had a valid reason. What was your excuse?,2024-06-20 20:16:53
escalatory_conversation_9,speaker_1,I had a family emergency. Do you even care?,2024-06-20 20:18:53
escalatory_conversation_9,speaker_2,Family emergency or just an excuse to slack off? Theres a pattern here.,2024-06-20 20:27:53
escalatory_conversation_9,speaker_1,A pattern? How dare you? I've worked my butt off covering shifts!,2024-06-20 20:31:53
escalatory_conversation_9,speaker_2,"Look, if you can't handle the job, maybe you shouldn't be here at all.",2024-06-20 20:41:53
escalatory_conversation_9,speaker_1,That's rich coming from someone who's late every other day!,2024-06-20 20:50:53
escalatory_conversation_9,speaker_2,At least I show up! Unlike you begging for favors all the time.,2024-06-20 20:56:53
escalatory_conversation_9,speaker_1,Begging? It was one favor! Why are you making such a big deal out of this?,2024-06-20 21:02:53
escalatory_conversation_9,speaker_2,Because you're always expecting others to pick up your slack. Were not your servants.,2024-06-20 21:03:53
escalatory_conversation_9,speaker_1,I can't believe we're having this conversation! Youre so self-centered!,2024-06-20 21:08:53
escalatory_conversation_9,speaker_2,Self-centered? At least I can depend on myself instead of crying for help.,2024-06-20 21:15:53
escalatory_conversation_9,speaker_1,"Wow, just wow. I thought we were friends. Clearly, I was wrong.",2024-06-20 21:16:53
escalatory_conversation_9,speaker_2,Friends don't guilt-trip each other into doing their work. Grow up.,2024-06-20 21:21:53
escalatory_conversation_9,speaker_1,"Maybe we should just stop pretending were friends, since you clearly dont care.",2024-06-20 21:25:53
escalatory_conversation_9,speaker_2,Fine by me. I dont need someone whos always dragging me down.,2024-06-20 21:33:53
escalatory_conversation_10,speaker_1,You never take my suggestions seriously during our band practice!,2024-06-20 19:58:58
escalatory_conversation_10,speaker_2,That's because your suggestions are always off-key and disrupt the flow.,2024-06-20 20:04:58
escalatory_conversation_10,speaker_1,How dare you say that! My ideas could actually make our band stand out.,2024-06-20 20:10:58
escalatory_conversation_10,speaker_3,Both of you need to get your egos in check. Our last performance was a disaster because of this attitude.,2024-06-20 20:12:58
escalatory_conversation_10,speaker_1,"Maybe it was because you missed half the beats on the drums, speaker_3.",2024-06-20 20:17:58
escalatory_conversation_10,speaker_2,"Yeah, and your bass line was completely off, speaker_3.",2024-06-20 20:22:58
escalatory_conversation_10,speaker_3,"Oh, so it's all my fault now? At least I'm not the one playing the same three chords over and over, speaker_2.",2024-06-20 20:29:58
escalatory_conversation_10,speaker_1,And speaker_2 keeps insisting we stick to the same boring routine. No wonder we're not getting any gigs.,2024-06-20 20:34:58
escalatory_conversation_10,speaker_2,"We have a style, speaker_1. Deviating from it will just confuse our fans.",2024-06-20 20:37:58
escalatory_conversation_10,speaker_3,What fans? We've been playing to empty bars for the last six months!,2024-06-20 20:43:58
escalatory_conversation_10,speaker_1,"This is why we need fresh ideas, not the stale stuff speaker_2 keeps pushing.",2024-06-20 20:50:58
escalatory_conversation_10,speaker_2,"Fresh ideas that sound terrible? Yeah, real improvement there, speaker_1.",2024-06-20 20:57:58
escalatory_conversation_10,speaker_3,"You're both missing the point. Our problem isn't the music itself, it's the lack of cohesion between us.",2024-06-20 21:00:58
escalatory_conversation_10,speaker_1,"No, the problem is that no one respects my contributions!",2024-06-20 21:04:58
escalatory_conversation_10,speaker_2,"And no one respects mine either, because I'm constantly having to fix your mistakes.",2024-06-20 21:10:58
escalatory_conversation_10,speaker_3,We're never going to get anywhere if this keeps up.,2024-06-20 21:11:58
escalatory_conversation_10,speaker_1,"Well, maybe we won't get anywhere because someone doesn't know how to keep tempo, speaker_3.",2024-06-20 21:21:58
escalatory_conversation_10,speaker_2,"Or because someone thinks they're a musical genius but can't even stay in tune, speaker_1.",2024-06-20 21:28:58
escalatory_conversation_10,speaker_3,"Fine, let's just break up the band then. Clearly, we can't agree on anything.",2024-06-20 21:36:58
deescalatory_conversation_1,speaker_1,Why didn't you show up for group rehearsal yesterday?,2024-06-20 19:58:04
deescalatory_conversation_1,speaker_2,"I told you, I had an emergency at home.",2024-06-20 20:02:04
deescalatory_conversation_1,speaker_1,But you didn't even bother to send a message!,2024-06-20 20:03:04
deescalatory_conversation_1,speaker_2,"I was dealing with it the whole night, I honestly forgot. I'm sorry.",2024-06-20 20:07:04
deescalatory_conversation_1,speaker_1,We really needed you; we've got a performance coming up.,2024-06-20 20:16:04
deescalatory_conversation_1,speaker_2,"I know, and I feel terrible about it. What did I miss?",2024-06-20 20:21:04
deescalatory_conversation_1,speaker_1,We went through the choreography and sorted out the forms.,2024-06-20 20:30:04
deescalatory_conversation_1,speaker_2,Can you catch me up on the main parts? I'll work double to make up for it.,2024-06-20 20:36:04
deescalatory_conversation_1,speaker_1,"Sure, I can help with that. Just don't leave us hanging next time.",2024-06-20 20:46:04
deescalatory_conversation_1,speaker_2,Agreed. I'll make sure to keep you posted if anything comes up again.,2024-06-20 20:47:04
deescalatory_conversation_1,speaker_3,"Also, we should maybe come up with a system for emergencies. That way, if anyone can't make it, we all know what to do.",2024-06-20 20:57:04
deescalatory_conversation_1,speaker_1,That's a good idea. We don't want anyone to miss out or panic last minute.,2024-06-20 21:01:04
deescalatory_conversation_1,speaker_2,"Absolutely, let's figure something out together.",2024-06-20 21:05:04
deescalatory_conversation_1,speaker_3,Maybe we set up a group chat on a platform we all check regularly?,2024-06-20 21:13:04
deescalatory_conversation_1,speaker_1,"Sounds solid. And if one of us can't make it, we can at least send a text or message there.",2024-06-20 21:21:04
deescalatory_conversation_1,speaker_2,"Okay, let's do that. Thank you for understanding, guys.",2024-06-20 21:23:04
deescalatory_conversation_1,speaker_1,No problem. Let's focus on nailing this performance.,2024-06-20 21:27:04
deescalatory_conversation_1,speaker_3,"Yeah, we'll all pitch in and make it work. Let's make it our best one yet.",2024-06-20 21:36:04
deescalatory_conversation_2,speaker_1,"Tim, you forgot to turn in your part of the group project again, and now we missed the deadline.",2024-06-20 19:57:08
deescalatory_conversation_2,speaker_2,"I know, Emily, Im really sorry. I had a rough week and lost track of time.",2024-06-20 20:02:08
deescalatory_conversation_2,speaker_1,"We all have rough weeks, but this project counts for 30% of our grade. What are we supposed to do now?",2024-06-20 20:08:08
deescalatory_conversation_2,speaker_2,You're right. How about I email the professor and explain the situation? Maybe we can get an extension.,2024-06-20 20:11:08
deescalatory_conversation_2,speaker_1,"Okay, thats a start. Just make sure youre clear about the problem and take responsibility.",2024-06-20 20:12:08
deescalatory_conversation_2,speaker_2,"Absolutely, I'll make sure I take full responsibility. I'll draft the email right now and send it to you for review.",2024-06-20 20:20:08
deescalatory_conversation_2,speaker_1,That sounds fair. I just dont want our entire group to suffer because of one missed deadline.,2024-06-20 20:23:08
deescalatory_conversation_2,speaker_2,I understand completely. Ill do whatever it takes to make it right.,2024-06-20 20:28:08
deescalatory_conversation_2,speaker_1,Alright. Lets move forward and figure out how to catch up on this project together.,2024-06-20 20:36:08
deescalatory_conversation_2,speaker_2,"Sounds good. After I send the email, let's set up a time to go over the next steps.",2024-06-20 20:38:08
deescalatory_conversation_2,speaker_1,"Perfect. Thanks for owning up to it, Tim. Lets just make sure it doesnt happen again.",2024-06-20 20:40:08
deescalatory_conversation_2,speaker_2,"It won't. Thanks for being understanding, Emily.",2024-06-20 20:50:08
deescalatory_conversation_3,speaker_1,I cant believe you threw away my art project without asking!,2024-06-20 19:53:11
deescalatory_conversation_3,speaker_2,I thought it was just some old papers you didnt need anymore.,2024-06-20 19:58:11
deescalatory_conversation_3,speaker_1,"Those ""old papers"" were weeks of hard work. How could you not recognize that?",2024-06-20 20:03:11
deescalatory_conversation_3,speaker_2,Im really sorry. I didnt realize it was your project. Can we do something to fix this?,2024-06-20 20:13:11
deescalatory_conversation_3,speaker_1,I dont know... its just frustrating that this happened.,2024-06-20 20:15:11
deescalatory_conversation_3,speaker_2,I understand. Maybe we can talk to the teacher and explain what happened. Do you think that could help?,2024-06-20 20:21:11
deescalatory_conversation_3,speaker_1,Maybe. But what if she doesn't believe us?,2024-06-20 20:28:11
deescalatory_conversation_3,speaker_2,Ill back you up. We can show any drafts or sketches you still have as proof.,2024-06-20 20:32:11
deescalatory_conversation_3,speaker_1,"Okay, we can try that. I appreciate your help.",2024-06-20 20:38:11
deescalatory_conversation_3,speaker_2,Of course. Lets go see her after class and explain the situation together.,2024-06-20 20:40:11
deescalatory_conversation_4,speaker_1,Why didn't you pass the ball to me? I was wide open!,2024-06-20 19:55:15
deescalatory_conversation_4,speaker_2,"I didn't see you, alright? I thought I had a better shot at it.",2024-06-20 20:05:15
deescalatory_conversation_4,speaker_1,"You always say that, but you keep missing! We're losing because of you!",2024-06-20 20:07:15
deescalatory_conversation_4,speaker_2,"That's not fair to say. Everyone's missing shots, not just me.",2024-06-20 20:12:15
deescalatory_conversation_4,speaker_3,"Hey, calm down, both of you. Arguing won't help us win the game.",2024-06-20 20:13:15
deescalatory_conversation_4,speaker_1,But we need to trust each other more. I feel like we're not playing as a team.,2024-06-20 20:22:15
deescalatory_conversation_4,speaker_2,"I get that, but yelling at me on the court isn't helping either.",2024-06-20 20:24:15
deescalatory_conversation_4,speaker_3,"Look, why don't we focus on improving our communication? Let's call out positions louder.",2024-06-20 20:25:15
deescalatory_conversation_4,speaker_1,"Fine, I can do that. But you need to look for me when I'm open.",2024-06-20 20:32:15
deescalatory_conversation_4,speaker_2,I'll work on it. Can we all agree to give clearer signals during plays?,2024-06-20 20:36:15
deescalatory_conversation_4,speaker_3,"Yes, and let's also remember to stay positive. We all want to win.",2024-06-20 20:46:15
deescalatory_conversation_4,speaker_1,Agreed. I just want us to play our best.,2024-06-20 20:50:15
deescalatory_conversation_4,speaker_2,Same here. Let's go out there and turn this around.,2024-06-20 20:56:15
deescalatory_conversation_5,speaker_1,Why didn't you pass me the ball during that last play?,2024-06-20 19:58:20
deescalatory_conversation_5,speaker_2,I didn't see you open; I thought it was a better option to shoot.,2024-06-20 20:05:20
deescalatory_conversation_5,speaker_1,"We were losing, and you took a bad shot. You always do this!",2024-06-20 20:12:20
deescalatory_conversation_5,speaker_2,"Look, I get that you're upset, but yelling at me won't help us win.",2024-06-20 20:14:20
deescalatory_conversation_5,speaker_1,We need to trust each other more. This isn't just about you making plays on your own.,2024-06-20 20:15:20
deescalatory_conversation_5,speaker_2,"You're right, we do need better teamwork. How about we discuss some strategies after practice?",2024-06-20 20:18:20
deescalatory_conversation_5,speaker_1,That sounds good. Maybe we can work on signals for when we're open.,2024-06-20 20:19:20
deescalatory_conversation_5,speaker_2,Agreed. We're a team; we need to communicate better on the court.,2024-06-20 20:28:20
deescalatory_conversation_5,speaker_1,Let's focus on that next game. We can still turn this season around.,2024-06-20 20:31:20
deescalatory_conversation_5,speaker_2,"Absolutely. Thanks for bringing this up, and sorry about earlier.",2024-06-20 20:32:20
deescalatory_conversation_5,speaker_1,No problem. We're in this together.,2024-06-20 20:36:20
deescalatory_conversation_6,speaker_1,"Hey, why did you take the last piece of cake without asking?",2024-06-20 19:59:24
deescalatory_conversation_6,speaker_2,I didn't think it was a big deal. I'm sorry if it upset you.,2024-06-20 20:06:24
deescalatory_conversation_6,speaker_1,It did upset me because I was really looking forward to it.,2024-06-20 20:13:24
deescalatory_conversation_6,speaker_2,I understand. I should have checked with you first.,2024-06-20 20:19:24
deescalatory_conversation_6,speaker_1,It's just that this isn't the first time something like this has happened.,2024-06-20 20:23:24
deescalatory_conversation_6,speaker_2,You're right. I haven't been considerate about this before.,2024-06-20 20:26:24
deescalatory_conversation_6,speaker_1,I appreciate you admitting that. Can we come up with a way to avoid this in the future?,2024-06-20 20:32:24
deescalatory_conversation_6,speaker_2,Absolutely. How about we label food that's off-limits or intended for someone specific?,2024-06-20 20:34:24
deescalatory_conversation_6,speaker_1,That sounds like a good idea. I'm down for that.,2024-06-20 20:41:24
deescalatory_conversation_6,speaker_2,Great. I'm sorry again for taking the cake. Ill be more mindful next time.,2024-06-20 20:46:24
deescalatory_conversation_6,speaker_1,Thank you. I appreciate it. Let's make sure we communicate better moving forward.,2024-06-20 20:53:24
deescalatory_conversation_6,speaker_2,Agreed. Communication is key.,2024-06-20 20:55:24
deescalatory_conversation_6,speaker_1,"Alright, let's put this behind us and focus on enjoying the weekend.",2024-06-20 20:56:24
deescalatory_conversation_6,speaker_2,Sounds good to me.,2024-06-20 21:05:24
deescalatory_conversation_7,speaker_1,"Sarah, why didn't you tell me you used my laptop last night?",2024-06-20 19:59:28
deescalatory_conversation_7,speaker_2,"Oh, I'm sorry, I thought I could use it since yours was dead. I didn't think it was a big deal.",2024-06-20 20:08:28
deescalatory_conversation_7,speaker_1,"It is a big deal, Alec. You didn't ask, and now my work files are all over the place.",2024-06-20 20:18:28
deescalatory_conversation_7,speaker_2,"I get it, thats frustrating. I should've asked first. Let me help organize your files.",2024-06-20 20:27:28
deescalatory_conversation_7,speaker_1,"I appreciate that, but it's not just about the files. It's the principle of asking permission.",2024-06-20 20:28:28
deescalatory_conversation_7,speaker_2,You're right. Next time I'll definitely ask before using your laptop. Can we figure out a way to prevent this from happening again?,2024-06-20 20:36:28
deescalatory_conversation_7,speaker_1,"Maybe we can set some clear rules about using each other's stuff, especially important things like laptops.",2024-06-20 20:46:28
deescalatory_conversation_7,speaker_2,That sounds fair. How about we agree to always text or call if we need to borrow something?,2024-06-20 20:51:28
deescalatory_conversation_7,speaker_1,"Yes, that works for me. Let's also make sure we respect each other's workspaces and keep them organized.",2024-06-20 20:56:28
deescalatory_conversation_7,speaker_2,Agreed. I'll make it a point to be more mindful. Thanks for bringing this up calmly.,2024-06-20 20:58:28
deescalatory_conversation_7,speaker_1,"Thanks for understanding, Alec. Im glad we could talk this through.",2024-06-20 21:02:28
deescalatory_conversation_8,speaker_1,I can't believe you pulled the goalie without telling anyone!,2024-06-20 19:57:33
deescalatory_conversation_8,speaker_2,"The game was slipping away, I had to make a quick decision.",2024-06-20 20:07:33
deescalatory_conversation_8,speaker_1,But we had no plan! It threw everyone off!,2024-06-20 20:08:33
deescalatory_conversation_8,speaker_2,I understand it was unexpected. I should have communicated better.,2024-06-20 20:16:33
deescalatory_conversation_8,speaker_1,"Yeah, exactly. We need to be on the same page in those crucial moments.",2024-06-20 20:26:33
deescalatory_conversation_8,speaker_2,"You're right. Next time, I'll make sure to signal the change and discuss it first.",2024-06-20 20:32:33
deescalatory_conversation_8,speaker_3,Can we also work on some signals so we all know when changes like that are coming?,2024-06-20 20:37:33
deescalatory_conversation_8,speaker_1,"Good idea. That way, we won't be caught off guard again.",2024-06-20 20:40:33
deescalatory_conversation_8,speaker_2,"Absolutely, let's set some signals and have a quick team meeting before the next game.",2024-06-20 20:49:33
deescalatory_conversation_8,speaker_3,"And let's cover different scenarios too, so we're ready for anything.",2024-06-20 20:59:33
deescalatory_conversation_8,speaker_1,Agreed. We win and lose as a team. We have to stay united.,2024-06-20 21:06:33
deescalatory_conversation_8,speaker_2,"Thanks, everyone. I don't want to make rash decisions that hurt our chances. Let's win the next one together.",2024-06-20 21:10:33
deescalatory_conversation_8,speaker_3,Let's practice hard and make sure we're all prepared.,2024-06-20 21:14:33
deescalatory_conversation_8,speaker_1,We're all in this together. Let's go out there and show them what we can do!,2024-06-20 21:15:33
deescalatory_conversation_9,speaker_1,I can't believe you went ahead and pitched that idea without telling me.,2024-06-20 19:54:38
deescalatory_conversation_9,speaker_2,"The deadline was approaching, and you were out sick. What was I supposed to do?",2024-06-20 19:58:38
deescalatory_conversation_9,speaker_1,You could have at least sent me a message or called. We're partners in this project.,2024-06-20 20:04:38
deescalatory_conversation_9,speaker_2,"I'm sorry if you felt left out, but I thought you trusted me to handle things when you couldn't.",2024-06-20 20:05:38
deescalatory_conversation_9,speaker_1,It's not about trust. It's about communication. I was easily reachable.,2024-06-20 20:15:38
deescalatory_conversation_9,speaker_2,"Okay, I see your point. Maybe I acted too quickly. What can we do to fix it now?",2024-06-20 20:24:38
deescalatory_conversation_9,speaker_1,We need to make sure our next steps are agreed on by both of us. Can we review the proposal together?,2024-06-20 20:30:38
deescalatory_conversation_9,speaker_2,Absolutely. Let's set up some time later today to go through it. Does that work for you?,2024-06-20 20:32:38
deescalatory_conversation_9,speaker_1,"Yes, that works. And let's establish some rules for communication so this doesn't happen again.",2024-06-20 20:40:38
deescalatory_conversation_9,speaker_2,Agreed. How about we both commit to checking in before making any major decisions?,2024-06-20 20:43:38
deescalatory_conversation_9,speaker_1,That sounds fair. Thanks for understanding.,2024-06-20 20:48:38
deescalatory_conversation_9,speaker_2,"No problem. We're in this together, after all.",2024-06-20 20:58:38
deescalatory_conversation_10,speaker_1,I really don't understand why you had to go behind my back and talk to the manager about it.,2024-06-20 19:57:45
deescalatory_conversation_10,speaker_2,I didn't go behind your back. I just thought it was important to address the issue directly.,2024-06-20 19:58:45
deescalatory_conversation_10,speaker_1,But we could have discussed it together first. Now it looks like I'm not doing my job properly.,2024-06-20 20:06:45
deescalatory_conversation_10,speaker_2,That's not what I intended. I was just trying to fix the process to make everything smoother for everyone.,2024-06-20 20:08:45
deescalatory_conversation_10,speaker_1,It would have been smoother if we had a plan together. Communication is key!,2024-06-20 20:13:45
deescalatory_conversation_10,speaker_2,"Okay, you're right. I should have discussed it with you before going to the manager. How can we fix this?",2024-06-20 20:19:45
deescalatory_conversation_10,speaker_1,Let's set up a meeting with the manager together. We can explain our perspectives and work out a better process.,2024-06-20 20:21:45
deescalatory_conversation_10,speaker_2,That sounds like a good idea. I appreciate you being willing to collaborate on this.,2024-06-20 20:24:45
deescalatory_conversation_10,speaker_1,We need to make sure we're on the same page next time. Clear communication can prevent these misunderstandings.,2024-06-20 20:27:45
deescalatory_conversation_10,speaker_2,Agreed. I'll make sure to loop you in on any decisions that affect our team from now on.,2024-06-20 20:32:45
deescalatory_conversation_10,speaker_1,Thanks. Let's make this a learning experience and move forward together.,2024-06-20 20:37:45
deescalatory_conversation_10,speaker_2,Definitely. Let's get our notes together for the meeting and make a solid plan.,2024-06-20 20:45:45
deescalatory_conversation_10,speaker_1,"Perfect. This way, we can both show that were committed to improving the process.",2024-06-20 20:51:45
deescalatory_conversation_10,speaker_2,"I think this will turn out well. Better teamwork, better results.",2024-06-20 20:55:45
